{"id":"9a1dd74f-d8e1-11eb-9159-0242ac1f0003","name":"Biomaterial Development","key":"BiomaterialDevelopment","description":"","editorJson":{"modelId":"9a1dd74f-d8e1-11eb-9159-0242ac1f0003","bounds":{"lowerRight":{"x":2847.4680791660003,"y":1564.0637386271364},"upperLeft":{"x":0,"y":0}},"properties":{"case_id":"BiomaterialDevelopment","name":"Biomaterial Development","documentation":"","case_initiatorvariablename":"","case_author":"","case_version":"","case_namespace":"http://www.flowable.org/casedef","eventkey":"","eventname":"","eventoutparameters":"","eventcorrelationparameters":"","channelkey":"","channelname":"","channeltype":"","channeldestination":"","keydetectionfixedvalue":"","keydetectionjsonfield":"","keydetectionjsonpointer":""},"childShapes":[{"resourceId":"casePlanModel","properties":{"overrideid":"taskb19","name":"Biomaterial Development","documentation":"","formkeydefinition":"","formreference":{"id":"afbb0967-6a49-11ec-8d59-0242ac1b0003","name":"Material Description iBiomaterial","key":"StartFormBiomaterial"},"formfieldvalidation":true,"autocompleteenabled":"","autocompletecondition":""},"stencil":{"id":"CasePlanModel"},"childShapes":[{"resourceId":"sid-F55915CD-A031-487A-A2A0-5F2CEEE0A346","properties":{"overrideid":"","name":"Biomaterial Description","documentation":"","autocompleteenabled":"","autocompletecondition":"","requiredenabled":"","requiredrulecondition":"","repetitionenabled":"","repetitionrulecondition":"","repetitioncountervariablename":"","repetition_variableaggregations":"","manualactivationenabled":"","manualactivationrulecondition":"","completionneutralenabled":"","completionneutralrulecondition":"","planitemlifecyclelisteners":"","displayorder":"","includeinstageoverview":true},"stencil":{"id":"Stage"},"childShapes":[{"resourceId":"sid-97AAAE8F-F755-4B2B-B91F-30E6528F6AF3","properties":{"overrideid":"","name":"Tissue Processing ","documentation":"","isblocking":true,"isblockingexpression":"","usertaskassignment":{"assignment":{"type":"idm","idm":{"type":"initiator"}}},"formkeydefinition":"","formreference":{"id":"f41f7b42-d98a-11eb-9159-0242ac1f0003","name":"Form_Processing","key":"Form_Processing"},"formfieldvalidation":true,"duedatedefinition":"","prioritydefinition":"","tasklisteners":"","isasync":"","isexclusive":"","requiredenabled":"","requiredrulecondition":"","repetitionenabled":"","repetitionrulecondition":"","repetitioncountervariablename":"","repetition_variableaggregations":"","manualactivationenabled":"","manualactivationrulecondition":"","completionneutralenabled":"","completionneutralrulecondition":"","planitemlifecyclelisteners":"","taskidvariablename":""},"stencil":{"id":"HumanTask"},"childShapes":[],"outgoing":[],"bounds":{"lowerRight":{"x":145,"y":110},"upperLeft":{"x":45,"y":30}},"dockers":[]},{"resourceId":"sid-E431E17E-3097-44D7-85AD-8D0197E29E98","properties":{"overrideid":"","name":"Get commercially available material","documentation":"","isblocking":true,"isblockingexpression":"","usertaskassignment":{"assignment":{"type":"idm","idm":{"type":"initiator"}}},"formkeydefinition":"","formreference":{"id":"f41f7b42-d98a-11eb-9159-0242ac1f0003","name":"Form_Processing","key":"Form_Processing"},"formfieldvalidation":true,"duedatedefinition":"","prioritydefinition":"","tasklisteners":"","isasync":"","isexclusive":"","requiredenabled":"","requiredrulecondition":"","repetitionenabled":"","repetitionrulecondition":"","repetitioncountervariablename":"","repetition_variableaggregations":"","manualactivationenabled":"","manualactivationrulecondition":"","completionneutralenabled":"","completionneutralrulecondition":"","planitemlifecyclelisteners":"","taskidvariablename":""},"stencil":{"id":"HumanTask"},"childShapes":[],"outgoing":[],"bounds":{"lowerRight":{"x":310,"y":110},"upperLeft":{"x":210,"y":30}},"dockers":[]}],"outgoing":[{"resourceId":"sid-22F12689-0A3A-4C20-838D-08CC8ECCB871"},{"resourceId":"sid-82912D21-3042-43B6-A5C8-5E46D815BB5F"}],"bounds":{"lowerRight":{"x":505,"y":215},"upperLeft":{"x":135,"y":45}},"dockers":[]},{"resourceId":"sid-22F12689-0A3A-4C20-838D-08CC8ECCB871","properties":{"overrideid":"","name":"","documentation":"","ifpartcondition":"","triggermode":""},"stencil":{"id":"ExitCriterion"},"childShapes":[],"outgoing":[],"bounds":{"lowerRight":{"x":344.39822367868135,"y":226.903729413489},"upperLeft":{"x":330.39822367868135,"y":204.903729413489}},"dockers":[{"x":201,"y":164}]},{"resourceId":"sid-97AE404F-F470-43A8-A08A-D8C8C3AC7B3E","properties":{"overrideid":"","name":"Material Processing Completed","documentation":"","requiredenabled":"","requiredrulecondition":"","repetitionenabled":"","repetitionrulecondition":"","repetitioncountervariablename":"","repetition_variableaggregations":"","completionneutralenabled":"","completionneutralrulecondition":"","planitemlifecyclelisteners":"","milestonevariable":""},"stencil":{"id":"Milestone"},"childShapes":[],"outgoing":[{"resourceId":"sid-EBFA0A9D-1A82-40C2-BFB7-7AC4D8F2039C"},{"resourceId":"sid-2C0ED4FD-9A4F-4005-8BAB-8463B1CE389A"},{"resourceId":"sid-71FB310D-C845-4FFA-B62E-84C8DBEFD519"}],"bounds":{"lowerRight":{"x":746,"y":174},"upperLeft":{"x":600,"y":120}},"dockers":[]},{"resourceId":"sid-2C0ED4FD-9A4F-4005-8BAB-8463B1CE389A","properties":{"overrideid":"","name":"","documentation":"","ifpartcondition":"","triggermode":""},"stencil":{"id":"EntryCriterion"},"childShapes":[],"outgoing":[],"bounds":{"lowerRight":{"x":638.9950218492169,"y":130.6633478994779},"upperLeft":{"x":624.9950218492169,"y":108.6633478994779}},"dockers":[{"x":34,"y":1}]},{"resourceId":"sid-D17133D4-2CB4-4E90-9043-884D3E43A06E","properties":{"overrideid":"","name":"Biomechanical Characterization","documentation":"","autocompleteenabled":"","autocompletecondition":"","requiredenabled":"","requiredrulecondition":"","repetitionenabled":"","repetitionrulecondition":"","repetitioncountervariablename":"","repetition_variableaggregations":"","manualactivationenabled":"","manualactivationrulecondition":"","completionneutralenabled":"","completionneutralrulecondition":"","planitemlifecyclelisteners":"","displayorder":"","includeinstageoverview":true},"stencil":{"id":"Stage"},"childShapes":[{"resourceId":"sid-A7574376-05A1-4977-8687-729018D391B1","properties":{"overrideid":"","name":"Test biomaterial failure","documentation":"","isblocking":true,"isblockingexpression":"","usertaskassignment":{"assignment":{"type":"idm","idm":{"type":"initiator"}}},"formkeydefinition":"","formreference":{"id":"f4bc614b-e615-11eb-8d59-0242ac1b0003","name":"Form_BiomaterialFailure","key":"Form_BiomaterialFailure"},"formfieldvalidation":true,"duedatedefinition":"","prioritydefinition":"","tasklisteners":"","isasync":"","isexclusive":"","requiredenabled":"","requiredrulecondition":"","repetitionenabled":"","repetitionrulecondition":"","repetitioncountervariablename":"","repetition_variableaggregations":"","manualactivationenabled":"","manualactivationrulecondition":"","completionneutralenabled":"","completionneutralrulecondition":"","planitemlifecyclelisteners":"","taskidvariablename":""},"stencil":{"id":"HumanTask"},"childShapes":[],"outgoing":[],"bounds":{"lowerRight":{"x":192,"y":246},"upperLeft":{"x":92,"y":166}},"dockers":[]},{"resourceId":"sid-AA8F585F-B69F-4AAE-A86D-8CB3A5857680","properties":{"overrideid":"","name":"Test disc height restoration","documentation":"","isblocking":true,"isblockingexpression":"","usertaskassignment":{"assignment":{"type":"idm","idm":{"type":"initiator"}}},"formkeydefinition":"","formreference":{"id":"5a72486d-e616-11eb-8d59-0242ac1b0003","name":"Form_DiscHeightRestoration","key":"Form_DiscHeightRestoration"},"formfieldvalidation":true,"duedatedefinition":"","prioritydefinition":"","tasklisteners":"","isasync":"","isexclusive":"","requiredenabled":"","requiredrulecondition":"","repetitionenabled":"","repetitionrulecondition":"","repetitioncountervariablename":"","repetition_variableaggregations":"","manualactivationenabled":"","manualactivationrulecondition":"","completionneutralenabled":"","completionneutralrulecondition":"","planitemlifecyclelisteners":"","taskidvariablename":""},"stencil":{"id":"HumanTask"},"childShapes":[],"outgoing":[],"bounds":{"lowerRight":{"x":207,"y":456},"upperLeft":{"x":107,"y":376}},"dockers":[]},{"resourceId":"sid-C03AA072-A762-4A17-A50B-2302F0017BAB","properties":{"overrideid":"","name":"Test behavior under dynamic/diurnal loading","documentation":"","isblocking":true,"isblockingexpression":"","usertaskassignment":{"assignment":{"type":"idm","idm":{"type":"initiator"}}},"formkeydefinition":"","formreference":{"id":"313d6c9c-e616-11eb-8d59-0242ac1b0003","name":"Form_BehaviourUnderLoading","key":"Form_BehaviourUnderLoading"},"formfieldvalidation":true,"duedatedefinition":"","prioritydefinition":"","tasklisteners":"","isasync":"","isexclusive":"","requiredenabled":"","requiredrulecondition":"","repetitionenabled":"","repetitionrulecondition":"","repetitioncountervariablename":"","repetition_variableaggregations":"","manualactivationenabled":"","manualactivationrulecondition":"","completionneutralenabled":"","completionneutralrulecondition":"","planitemlifecyclelisteners":"","taskidvariablename":""},"stencil":{"id":"HumanTask"},"childShapes":[],"outgoing":[],"bounds":{"lowerRight":{"x":205.36719798494585,"y":365},"upperLeft":{"x":105.36719798494585,"y":285}},"dockers":[]},{"resourceId":"sid-4EBF37BA-8652-44D6-9E67-6E00090D3630","properties":{"overrideid":"","name":"Test range of motion","documentation":"","isblocking":true,"isblockingexpression":"","usertaskassignment":{"assignment":{"type":"idm","idm":{"type":"initiator"}}},"formkeydefinition":"","formreference":{"id":"bf2a15ea-e615-11eb-8d59-0242ac1b0003","name":"Form_RangeofMotion","key":"Form_RangeofMotion"},"formfieldvalidation":true,"duedatedefinition":"","prioritydefinition":"","tasklisteners":"","isasync":"","isexclusive":"","requiredenabled":"","requiredrulecondition":"","repetitionenabled":"","repetitionrulecondition":"","repetitioncountervariablename":"","repetition_variableaggregations":"","manualactivationenabled":"","manualactivationrulecondition":"","completionneutralenabled":"","completionneutralrulecondition":"","planitemlifecyclelisteners":"","taskidvariablename":""},"stencil":{"id":"HumanTask"},"childShapes":[],"outgoing":[],"bounds":{"lowerRight":{"x":205.3671979849459,"y":133.3870173141038},"upperLeft":{"x":105.3671979849459,"y":53.38701731410379}},"dockers":[]}],"outgoing":[{"resourceId":"sid-88748978-4537-4D09-B55C-658C7C7F7A93"},{"resourceId":"sid-AA09855D-5DE7-4264-9773-8F64289D1BEC"},{"resourceId":"sid-6DEFDE76-17C5-410A-B143-C1EDB3FF9560"}],"bounds":{"lowerRight":{"x":736.6250110175461,"y":971},"upperLeft":{"x":403,"y":299}},"dockers":[]},{"resourceId":"sid-70423EF5-6BA4-458E-BB2D-595748B16EE4","properties":{"overrideid":"","name":"Safety & Biocompatibility","documentation":"","autocompleteenabled":"","autocompletecondition":"","requiredenabled":"","requiredrulecondition":"","repetitionenabled":"","repetitionrulecondition":"","repetitioncountervariablename":"","repetition_variableaggregations":"","manualactivationenabled":"","manualactivationrulecondition":"","completionneutralenabled":"","completionneutralrulecondition":"","planitemlifecyclelisteners":"","displayorder":"","includeinstageoverview":true},"stencil":{"id":"Stage"},"childShapes":[{"resourceId":"sid-1A658FB9-43F9-47F2-94DD-8C6C012CB9A6","properties":{"overrideid":"","name":"Test tissue compatibility","documentation":"","isblocking":true,"isblockingexpression":"","usertaskassignment":{"assignment":{"type":"idm","idm":{"type":"initiator"}}},"formkeydefinition":"","formreference":{"id":"eed66961-e616-11eb-8d59-0242ac1b0003","name":"Form_TissueCompatibility","key":"Form_TissueCompatibility"},"formfieldvalidation":true,"duedatedefinition":"","prioritydefinition":"","tasklisteners":"","isasync":"","isexclusive":"","requiredenabled":"","requiredrulecondition":"","repetitionenabled":"","repetitionrulecondition":"","repetitioncountervariablename":"","repetition_variableaggregations":"","manualactivationenabled":"","manualactivationrulecondition":"","completionneutralenabled":"","completionneutralrulecondition":"","planitemlifecyclelisteners":"","taskidvariablename":""},"stencil":{"id":"HumanTask"},"childShapes":[],"outgoing":[],"bounds":{"lowerRight":{"x":151.36719798494585,"y":247},"upperLeft":{"x":51.36719798494585,"y":167}},"dockers":[]},{"resourceId":"sid-F2AA0F1E-BFF0-4962-950F-639D976FCCCC","properties":{"overrideid":"","name":"Test blood compatibility","documentation":"","isblocking":true,"isblockingexpression":"","usertaskassignment":{"assignment":{"type":"idm","idm":{"type":"initiator"}}},"formkeydefinition":"","formreference":{"id":"cbf54600-e616-11eb-8d59-0242ac1b0003","name":"Form_BloodCompatibility","key":"Form_BloodCompatibility"},"formfieldvalidation":true,"duedatedefinition":"","prioritydefinition":"","tasklisteners":"","isasync":"","isexclusive":"","requiredenabled":"","requiredrulecondition":"","repetitionenabled":"","repetitionrulecondition":"","repetitioncountervariablename":"","repetition_variableaggregations":"","manualactivationenabled":"","manualactivationrulecondition":"","completionneutralenabled":"","completionneutralrulecondition":"","planitemlifecyclelisteners":"","taskidvariablename":""},"stencil":{"id":"HumanTask"},"childShapes":[],"outgoing":[],"bounds":{"lowerRight":{"x":280,"y":247},"upperLeft":{"x":180,"y":167}},"dockers":[]},{"resourceId":"sid-C8ABA2D8-40A5-49FA-824E-D11B77DDC7DB","properties":{"overrideid":"","name":"In Vivo Study Design","documentation":"","isblocking":true,"isblockingexpression":"","usertaskassignment":{"assignment":{"type":"idm","idm":{"type":"initiator"}}},"formkeydefinition":"","formreference":{"id":"50c7525b-e0e3-11eb-8d59-0242ac1b0003","name":"Form_Safety","key":"Form_Safety"},"formfieldvalidation":true,"duedatedefinition":"","prioritydefinition":"","tasklisteners":"","isasync":"","isexclusive":"","requiredenabled":"","requiredrulecondition":"","repetitionenabled":"","repetitionrulecondition":"","repetitioncountervariablename":"","repetition_variableaggregations":"","manualactivationenabled":"","manualactivationrulecondition":"","completionneutralenabled":"","completionneutralrulecondition":"","planitemlifecyclelisteners":"","taskidvariablename":""},"stencil":{"id":"HumanTask"},"childShapes":[],"outgoing":[],"bounds":{"lowerRight":{"x":280,"y":352},"upperLeft":{"x":180,"y":272}},"dockers":[]},{"resourceId":"sid-7FD84368-6CAB-4A7C-BE6B-E6D9B00C0EF2","properties":{"overrideid":"","name":"Test cell compatibility","documentation":"","isblocking":true,"isblockingexpression":"","usertaskassignment":{"assignment":{"type":"idm","idm":{"type":"initiator"}}},"formkeydefinition":"","formreference":{"id":"a80598cf-e616-11eb-8d59-0242ac1b0003","name":"Form_CellCompatibility","key":"Form_CellCompatibility"},"formfieldvalidation":true,"duedatedefinition":"","prioritydefinition":"","tasklisteners":"","isasync":"","isexclusive":"","requiredenabled":"","requiredrulecondition":"","repetitionenabled":"","repetitionrulecondition":"","repetitioncountervariablename":"","repetition_variableaggregations":"","manualactivationenabled":"","manualactivationrulecondition":"","completionneutralenabled":"","completionneutralrulecondition":"","planitemlifecyclelisteners":"","taskidvariablename":""},"stencil":{"id":"HumanTask"},"childShapes":[],"outgoing":[],"bounds":{"lowerRight":{"x":265,"y":142},"upperLeft":{"x":165,"y":62}},"dockers":[]},{"resourceId":"sid-3EF2C76B-80BD-4CD0-BF41-FA67ACC6B192","properties":{"overrideid":"","name":"Test biodegradation","documentation":"","isblocking":true,"isblockingexpression":"","usertaskassignment":{"assignment":{"type":"idm","idm":{"type":"initiator"}}},"formkeydefinition":"","formreference":{"id":"851a634e-e616-11eb-8d59-0242ac1b0003","name":"Form_Biodegradation","key":"Form_Biodegradation"},"formfieldvalidation":true,"duedatedefinition":"","prioritydefinition":"","tasklisteners":"","isasync":"","isexclusive":"","requiredenabled":"","requiredrulecondition":"","repetitionenabled":"","repetitionrulecondition":"","repetitioncountervariablename":"","repetition_variableaggregations":"","manualactivationenabled":"","manualactivationrulecondition":"","completionneutralenabled":"","completionneutralrulecondition":"","planitemlifecyclelisteners":"","taskidvariablename":""},"stencil":{"id":"HumanTask"},"childShapes":[],"outgoing":[],"bounds":{"lowerRight":{"x":142.36719798494585,"y":132.99999769032001},"upperLeft":{"x":42.36719798494585,"y":52.999997690320015}},"dockers":[]},{"resourceId":"sid-555B0226-18FE-49C6-947D-34F98AF5EC99","properties":{"overrideid":"","name":"Test immunological compatibility","documentation":"","isblocking":true,"isblockingexpression":"","usertaskassignment":{"assignment":{"type":"idm","idm":{"type":"initiator"}}},"formkeydefinition":"","formreference":{"id":"190b2902-e617-11eb-8d59-0242ac1b0003","name":"Form_ImmunologicalCompatibility","key":"Form_ImmunologicalCompatibility"},"formfieldvalidation":true,"duedatedefinition":"","prioritydefinition":"","tasklisteners":"","isasync":"","isexclusive":"","requiredenabled":"","requiredrulecondition":"","repetitionenabled":"","repetitionrulecondition":"","repetitioncountervariablename":"","repetition_variableaggregations":"","manualactivationenabled":"","manualactivationrulecondition":"","completionneutralenabled":"","completionneutralrulecondition":"","planitemlifecyclelisteners":"","taskidvariablename":"","type":"http://b3mn.org/stencilset/cmmn1.1#Task"},"stencil":{"id":"HumanTask"},"childShapes":[],"outgoing":[],"bounds":{"lowerRight":{"x":145,"y":352},"upperLeft":{"x":45,"y":272}},"dockers":[]}],"outgoing":[{"resourceId":"sid-8A7A1AC0-78B9-4710-90FB-2AC0FED8E437"},{"resourceId":"sid-1BDE9E48-8075-4927-B9D7-C64F85D3228C"},{"resourceId":"sid-2445E8E5-E067-4000-9C9A-BA0A905285FC"},{"resourceId":"sid-4C88EF97-6C6C-49D2-9711-084C339474D9"}],"bounds":{"lowerRight":{"x":1111,"y":983},"upperLeft":{"x":804,"y":287}},"dockers":[]},{"resourceId":"sid-657BEE15-8FC3-4B96-A67F-B6CF5734E92A","properties":{"overrideid":"","name":"Physiological & Biochemical Characterization Achieved","documentation":"","requiredenabled":"","requiredrulecondition":"","repetitionenabled":"","repetitionrulecondition":"","repetitioncountervariablename":"","repetition_variableaggregations":"","completionneutralenabled":"","completionneutralrulecondition":"","planitemlifecyclelisteners":"","milestonevariable":""},"stencil":{"id":"Milestone"},"childShapes":[],"outgoing":[{"resourceId":"sid-8B9A8D16-D685-44BC-BAA5-0CB71DDF44DA"},{"resourceId":"sid-950D2D9C-D33B-4904-8149-208721D3FA75"},{"resourceId":"sid-A8A3FB52-C533-4713-85F7-A9116C3FE2AF"},{"resourceId":"sid-82D40113-1FB8-4552-B571-C6FA1A174139"}],"bounds":{"lowerRight":{"x":251.25601290360547,"y":1119},"upperLeft":{"x":105.25601290360547,"y":1065}},"dockers":[]},{"resourceId":"sid-88748978-4537-4D09-B55C-658C7C7F7A93","properties":{"overrideid":"","name":"","documentation":"","ifpartcondition":"","triggermode":""},"stencil":{"id":"EntryCriterion"},"childShapes":[],"outgoing":[],"bounds":{"lowerRight":{"x":409.15981821297254,"y":580.3525276976408},"upperLeft":{"x":395.15981821297254,"y":558.3525276976408}},"dockers":[{"x":3.3671875,"y":272}]},{"resourceId":"sid-68C716A8-FFFB-4E3E-99A0-0E29B4EE2714","properties":{"overrideid":"","name":"Biomechanical Characterization Achieved","documentation":"","requiredenabled":"","requiredrulecondition":"","repetitionenabled":"","repetitionrulecondition":"","repetitioncountervariablename":"","repetition_variableaggregations":"","completionneutralenabled":"","completionneutralrulecondition":"","planitemlifecyclelisteners":"","milestonevariable":""},"stencil":{"id":"Milestone"},"childShapes":[],"outgoing":[{"resourceId":"sid-49071B48-4C5E-44B7-88A7-CB0140955619"},{"resourceId":"sid-DA2257DF-32B6-4200-8806-D6DE22FB0A47"}],"bounds":{"lowerRight":{"x":648.3671979849458,"y":1091.644778011052},"upperLeft":{"x":502.36719798494585,"y":1037.644778011052}},"dockers":[]},{"resourceId":"sid-DA2257DF-32B6-4200-8806-D6DE22FB0A47","properties":{"overrideid":"","name":"","documentation":"","ifpartcondition":"","triggermode":""},"stencil":{"id":"EntryCriterion"},"childShapes":[],"outgoing":[{"resourceId":"sid-DB4C8151-FFE7-44B3-B4A6-A864C070C325"}],"bounds":{"lowerRight":{"x":533.0786246359103,"y":1048.3787672163403},"upperLeft":{"x":519.0786246359103,"y":1026.3787672163403}},"dockers":[{"x":25.999989515054153,"y":1.000002309679985}]},{"resourceId":"sid-AA09855D-5DE7-4264-9773-8F64289D1BEC","properties":{"overrideid":"","name":"","documentation":"","ifpartcondition":"","triggermode":""},"stencil":{"id":"EntryCriterion"},"childShapes":[],"outgoing":[],"bounds":{"lowerRight":{"x":409.56036963038787,"y":863.6526368240229},"upperLeft":{"x":395.56036963038787,"y":841.6526368240229}},"dockers":[{"x":2.3671875,"y":550}]},{"resourceId":"sid-8A7A1AC0-78B9-4710-90FB-2AC0FED8E437","properties":{"overrideid":"","name":"","documentation":"","ifpartcondition":"","triggermode":""},"stencil":{"id":"EntryCriterion"},"childShapes":[],"outgoing":[],"bounds":{"lowerRight":{"x":810.5814015394755,"y":712.6390560020589},"upperLeft":{"x":796.5814015394755,"y":690.6390560020589}},"dockers":[{"x":3.3671875,"y":413}]},{"resourceId":"sid-96A17761-D48C-40F3-AD8F-8082F0E6B2EF","properties":{"overrideid":"","name":"Safety & Biocompatibility Achieved","documentation":"","requiredenabled":"","requiredrulecondition":"","repetitionenabled":"","repetitionrulecondition":"","repetitioncountervariablename":"","repetition_variableaggregations":"","completionneutralenabled":"","completionneutralrulecondition":"","planitemlifecyclelisteners":"","milestonevariable":""},"stencil":{"id":"Milestone"},"childShapes":[],"outgoing":[{"resourceId":"sid-A1BED77A-195A-4583-B9D3-84DDE718233B"},{"resourceId":"sid-F0B4E3C3-9024-4CDE-94C8-724612EF8A04"}],"bounds":{"lowerRight":{"x":1107,"y":1091.644778011052},"upperLeft":{"x":961,"y":1037.644778011052}},"dockers":[]},{"resourceId":"sid-82D40113-1FB8-4552-B571-C6FA1A174139","properties":{"overrideid":"","name":"","documentation":"","ifpartcondition":"","triggermode":""},"stencil":{"id":"EntryCriterion"},"childShapes":[],"outgoing":[],"bounds":{"lowerRight":{"x":167.68347744269607,"y":1075.644778011052},"upperLeft":{"x":153.68347744269607,"y":1053.644778011052}},"dockers":[{"x":57.796879773843216,"y":3.333254262804985}]},{"resourceId":"sid-6DEFDE76-17C5-410A-B143-C1EDB3FF9560","properties":{"overrideid":"","name":"","documentation":"","ifpartcondition":"","triggermode":""},"stencil":{"id":"ExitCriterion"},"childShapes":[],"outgoing":[],"bounds":{"lowerRight":{"x":621.9580141073639,"y":982.5507034105},"upperLeft":{"x":607.9580141073639,"y":960.5507034105}},"dockers":[{"x":211.75,"y":671}]},{"resourceId":"sid-1BDE9E48-8075-4927-B9D7-C64F85D3228C","properties":{"overrideid":"","name":"","documentation":"","ifpartcondition":"","triggermode":""},"stencil":{"id":"ExitCriterion"},"childShapes":[],"outgoing":[],"bounds":{"lowerRight":{"x":980.8226483877735,"y":994.5513224958394},"upperLeft":{"x":966.8226483877735,"y":972.5513224958394}},"dockers":[{"x":169.75,"y":695}]},{"resourceId":"sid-8B8CF30B-040A-4B77-B423-B862FA97A630","properties":{"overrideid":"","name":"Physiological & Biochemical Characterization Completed","documentation":"","completionneutralenabled":"","completionneutralrulecondition":"","requiredenabled":"","requiredrulecondition":"","repetitionenabled":"","repetitionrulecondition":"","repetitioncountervariablename":"","repetition_variableaggregations":"","planitemlifecyclelisteners":"","availablecondition":"","type":"http://b3mn.org/stencilset/cmmn1.1#EventListener","eventkey":"","eventname":"","eventoutparameters":"","eventcorrelationparameters":"","channelkey":"","channelname":"","channeltype":"","channeldestination":"","keydetectionfixedvalue":"","keydetectionjsonfield":"","keydetectionjsonpointer":""},"stencil":{"id":"UserEventListener"},"childShapes":[],"outgoing":[{"resourceId":"sid-E9CC9198-ED40-485A-B0BB-90D3021DCAD2"},{"resourceId":"sid-BD96CDCA-1372-4235-871A-6422D0476E23"}],"bounds":{"lowerRight":{"x":99.49799999999999,"y":1019.2825055080478},"upperLeft":{"x":69,"y":988.7815055080479}},"dockers":[{"x":84.249,"y":1004.0320055080479}]},{"resourceId":"sid-57FB1633-83EA-4D22-839F-B046DA4A1D1D","properties":{"overrideid":"","name":"Physiological & Biochemical Characterization","documentation":"","autocompleteenabled":"","autocompletecondition":"","requiredenabled":"","requiredrulecondition":"","repetitionenabled":"","repetitionrulecondition":"","repetitioncountervariablename":"","repetition_variableaggregations":"","manualactivationenabled":"","manualactivationrulecondition":"","completionneutralenabled":"","completionneutralrulecondition":"","planitemlifecyclelisteners":"","displayorder":"","includeinstageoverview":true},"stencil":{"id":"Stage"},"childShapes":[{"resourceId":"sid-C965D068-800B-46A2-9DB0-930A7FEADB4B","properties":{"overrideid":"","name":"Create gel ","documentation":"","isblocking":true,"isblockingexpression":"","usertaskassignment":{"assignment":{"type":"idm","idm":{"type":"initiator"}}},"formkeydefinition":"","formreference":{"id":"20a1d66f-d920-11eb-9159-0242ac1f0003","name":"Form_Crosslinking","key":"Form_Crosslinking"},"formfieldvalidation":true,"duedatedefinition":"","prioritydefinition":"","tasklisteners":"","isasync":"","isexclusive":"","requiredenabled":"","requiredrulecondition":"","repetitionenabled":"","repetitionrulecondition":"","repetitioncountervariablename":"","repetition_variableaggregations":"","manualactivationenabled":"","manualactivationrulecondition":"","completionneutralenabled":"","completionneutralrulecondition":"","planitemlifecyclelisteners":"","taskidvariablename":""},"stencil":{"id":"HumanTask"},"childShapes":[],"outgoing":[{"resourceId":"sid-73A382FD-126B-4597-BBA6-E2459C3883E8"},{"resourceId":"sid-91056235-65C6-4019-BCFE-BCD204707C5D"},{"resourceId":"sid-4F661A9F-BE10-4E02-95D6-5919E809A141"},{"resourceId":"sid-5B75922E-6C95-416D-84FE-0F826CED3215"},{"resourceId":"sid-6B81E0D9-B2FA-4596-AC64-A9655CFBB0B1"},{"resourceId":"sid-21DCCD91-8E09-4088-8D36-CCD193AC31AB"}],"bounds":{"lowerRight":{"x":115,"y":363},"upperLeft":{"x":15,"y":283}},"dockers":[]},{"resourceId":"sid-FF068F65-66E0-42DE-8EEE-7276814C0AFB","properties":{"overrideid":"","name":"Test rheological properties","documentation":"","isblocking":true,"isblockingexpression":"","usertaskassignment":{"assignment":{"type":"idm","idm":{"type":"initiator"}}},"formkeydefinition":"","formreference":{"id":"1094d479-d91d-11eb-9159-0242ac1f0003","name":"Form_StressRelaxationBehavior","key":"Form_StressRelaxationBehavior"},"formfieldvalidation":true,"duedatedefinition":"","prioritydefinition":"","tasklisteners":"","isasync":"","isexclusive":"","requiredenabled":"","requiredrulecondition":"","repetitionenabled":"","repetitionrulecondition":"","repetitioncountervariablename":"","repetition_variableaggregations":"","manualactivationenabled":"","manualactivationrulecondition":"","completionneutralenabled":"","completionneutralrulecondition":"","planitemlifecyclelisteners":"","taskidvariablename":""},"stencil":{"id":"HumanTask"},"childShapes":[],"outgoing":[{"resourceId":"sid-E90DE306-0448-43AA-9DF0-EF6D9710DAA6"}],"bounds":{"lowerRight":{"x":280,"y":232.1209143859017},"upperLeft":{"x":180,"y":152.1209143859017}},"dockers":[]},{"resourceId":"sid-AC557BDF-4143-4AF5-8C40-610C43A8BD85","properties":{"overrideid":"","name":"Test injectability/Viability","documentation":"","isblocking":true,"isblockingexpression":"","usertaskassignment":{"assignment":{"type":"idm","idm":{"type":"initiator"}}},"formkeydefinition":"","formreference":{"id":"43816b20-d8e4-11eb-9159-0242ac1f0003","name":"Form_InjectabilityViability","key":"Form_InjectabilityViability"},"formfieldvalidation":true,"duedatedefinition":"","prioritydefinition":"","tasklisteners":"","isasync":"","isexclusive":"","requiredenabled":"","requiredrulecondition":"","repetitionenabled":"","repetitionrulecondition":"","repetitioncountervariablename":"","repetition_variableaggregations":"","manualactivationenabled":"","manualactivationrulecondition":"","completionneutralenabled":"","completionneutralrulecondition":"","planitemlifecyclelisteners":"","taskidvariablename":""},"stencil":{"id":"HumanTask"},"childShapes":[],"outgoing":[{"resourceId":"sid-9648E04E-CF17-4EC9-A334-353943F2BE7C"},{"resourceId":"sid-5BEA15F7-C536-4975-B23E-4656AAA0F23B"},{"resourceId":"sid-E5024C86-0B1A-4D10-B012-0058A240A478"}],"bounds":{"lowerRight":{"x":276.62501101754594,"y":425},"upperLeft":{"x":176.62501101754594,"y":345}},"dockers":[]},{"resourceId":"sid-85BE7EA9-780B-4D41-8E29-D0C37FFC93D4","properties":{"overrideid":"","name":"Test crystallinity (O)","documentation":"","isblocking":true,"isblockingexpression":"","usertaskassignment":{"assignment":{"type":"idm","idm":{"type":"initiator"}}},"formkeydefinition":"","formreference":{"id":"593c4e2b-d91f-11eb-9159-0242ac1f0003","name":"Form_Crystallinity","key":"Form_Crystallinity"},"formfieldvalidation":true,"duedatedefinition":"","prioritydefinition":"","tasklisteners":"","isasync":"","isexclusive":"","requiredenabled":"","requiredrulecondition":"","repetitionenabled":"","repetitionrulecondition":"","repetitioncountervariablename":"","repetition_variableaggregations":"","manualactivationenabled":"","manualactivationrulecondition":"","completionneutralenabled":"","completionneutralrulecondition":"","planitemlifecyclelisteners":"","taskidvariablename":""},"stencil":{"id":"HumanTask"},"childShapes":[],"outgoing":[{"resourceId":"sid-5E1A6AC1-29E0-492A-A5EF-076C80CB413C"}],"bounds":{"lowerRight":{"x":276.62501101754594,"y":537.0000014901161},"upperLeft":{"x":176.62501101754594,"y":457.0000014901161}},"dockers":[]},{"resourceId":"sid-E1177795-B6F2-415D-9777-E0C58883894E","properties":{"overrideid":"","name":"Test porosity","documentation":"","isblocking":true,"isblockingexpression":"","usertaskassignment":{"assignment":{"type":"idm","idm":{"type":"initiator"}}},"formkeydefinition":"","formreference":{"id":"94d20f1c-d91f-11eb-9159-0242ac1f0003","name":"Form_Porosity","key":"Form_Porosity"},"formfieldvalidation":true,"duedatedefinition":"","prioritydefinition":"","tasklisteners":"","isasync":"","isexclusive":"","requiredenabled":"","requiredrulecondition":"","repetitionenabled":"","repetitionrulecondition":"","repetitioncountervariablename":"","repetition_variableaggregations":"","manualactivationenabled":"","manualactivationrulecondition":"","completionneutralenabled":"","completionneutralrulecondition":"","planitemlifecyclelisteners":"","taskidvariablename":""},"stencil":{"id":"HumanTask"},"childShapes":[],"outgoing":[{"resourceId":"sid-A67E68FF-B99D-406A-84ED-0CEA35372BEA"}],"bounds":{"lowerRight":{"x":280,"y":635},"upperLeft":{"x":180,"y":555}},"dockers":[]},{"resourceId":"sid-E90DE306-0448-43AA-9DF0-EF6D9710DAA6","properties":{"overrideid":"","name":"","documentation":"","ifpartcondition":"","triggermode":""},"stencil":{"id":"EntryCriterion"},"childShapes":[],"outgoing":[],"bounds":{"lowerRight":{"x":186.74952880183116,"y":209.2418287718034},"upperLeft":{"x":172.74952880183116,"y":187.2418287718034}},"dockers":[{"x":0.7421917412431185,"y":46}]},{"resourceId":"sid-E5024C86-0B1A-4D10-B012-0058A240A478","properties":{"overrideid":"","name":"","documentation":"","ifpartcondition":"","triggermode":""},"stencil":{"id":"EntryCriterion"},"childShapes":[],"outgoing":[],"bounds":{"lowerRight":{"x":183.37714989506338,"y":403.1406958671339},"upperLeft":{"x":169.37714989506338,"y":381.1406958671339}},"dockers":[{"x":0.7421917412431185,"y":47}]},{"resourceId":"sid-5E1A6AC1-29E0-492A-A5EF-076C80CB413C","properties":{"overrideid":"","name":"","documentation":"","ifpartcondition":"","triggermode":""},"stencil":{"id":"EntryCriterion"},"childShapes":[],"outgoing":[],"bounds":{"lowerRight":{"x":182.89470595800114,"y":506.9487647579882},"upperLeft":{"x":168.89470595800114,"y":484.9487647579882}},"dockers":[{"x":1.7421917412431185,"y":38.99999850988388}]},{"resourceId":"sid-A67E68FF-B99D-406A-84ED-0CEA35372BEA","properties":{"overrideid":"","name":"","documentation":"","ifpartcondition":"","triggermode":""},"stencil":{"id":"EntryCriterion"},"childShapes":[],"outgoing":[],"bounds":{"lowerRight":{"x":186.91707257147675,"y":601.7942484733866},"upperLeft":{"x":172.91707257147675,"y":579.7942484733866}},"dockers":[{"x":2.3672027587890625,"y":36}]},{"resourceId":"sid-DBFA072F-B8BB-444D-AB55-E0F0FAB4B054","properties":{"overrideid":"","name":"Test viscosity (O)","documentation":"","isblocking":true,"isblockingexpression":"","usertaskassignment":{"assignment":{"type":"idm","idm":{"type":"initiator"}}},"formkeydefinition":"","formreference":{"id":"4b72faa7-d91c-11eb-9159-0242ac1f0003","name":"Form_ViscosityStiffness","key":"Form_ViscosityStiffness"},"formfieldvalidation":true,"duedatedefinition":"","prioritydefinition":"","tasklisteners":"","isasync":"","isexclusive":"","requiredenabled":"","requiredrulecondition":"","repetitionenabled":"","repetitionrulecondition":"","repetitioncountervariablename":"","repetition_variableaggregations":"","manualactivationenabled":"","manualactivationrulecondition":"","completionneutralenabled":"","completionneutralrulecondition":"","planitemlifecyclelisteners":"","taskidvariablename":""},"stencil":{"id":"HumanTask"},"childShapes":[],"outgoing":[{"resourceId":"sid-7E3B84A7-4A2C-43C0-95C9-1DC65CE764C8"}],"bounds":{"lowerRight":{"x":265,"y":108},"upperLeft":{"x":165,"y":28}},"dockers":[]},{"resourceId":"sid-7E3B84A7-4A2C-43C0-95C9-1DC65CE764C8","properties":{"overrideid":"","name":"","documentation":"","ifpartcondition":"","triggermode":""},"stencil":{"id":"EntryCriterion"},"childShapes":[],"outgoing":[],"bounds":{"lowerRight":{"x":171.59786318803674,"y":86.46698323140197},"upperLeft":{"x":157.59786318803674,"y":64.46698323140197}},"dockers":[{"x":2.75,"y":47}]},{"resourceId":"sid-5C302020-DBCD-4CAD-BE06-7A611B840A59","properties":{"overrideid":"","name":"Test swelling degree","documentation":"","isblocking":true,"isblockingexpression":"","usertaskassignment":{"assignment":{"type":"idm","idm":{"type":"initiator"}}},"formkeydefinition":"","formreference":{"id":"0b134b05-d91b-11eb-9159-0242ac1f0003","name":"Form_SwellingDegree","key":"Form_SwellingDegree"},"formfieldvalidation":true,"duedatedefinition":"","prioritydefinition":"","tasklisteners":"","isasync":"","isexclusive":"","requiredenabled":"","requiredrulecondition":"","repetitionenabled":"","repetitionrulecondition":"","repetitioncountervariablename":"","repetition_variableaggregations":"","manualactivationenabled":"","manualactivationrulecondition":"","completionneutralenabled":"","completionneutralrulecondition":"","planitemlifecyclelisteners":"","taskidvariablename":""},"stencil":{"id":"HumanTask"},"childShapes":[],"outgoing":[{"resourceId":"sid-96284CEE-93F6-45E9-A9D3-CE76A1946ABF"}],"bounds":{"lowerRight":{"x":280,"y":320},"upperLeft":{"x":180,"y":240}},"dockers":[]},{"resourceId":"sid-96284CEE-93F6-45E9-A9D3-CE76A1946ABF","properties":{"overrideid":"","name":"","documentation":"","ifpartcondition":"","triggermode":""},"stencil":{"id":"EntryCriterion"},"childShapes":[],"outgoing":[],"bounds":{"lowerRight":{"x":186.62576227353122,"y":306.98917922218743},"upperLeft":{"x":172.62576227353122,"y":284.98917922218743}},"dockers":[{"x":2.7421917412431185,"y":55}]}],"outgoing":[{"resourceId":"sid-FAFD3B47-CB98-4647-9F3D-4DA46F3B58B1"},{"resourceId":"sid-5E9A7A08-A991-425A-98B9-C10A6300327E"},{"resourceId":"sid-41003E70-6C24-4A5F-B63A-20F371525D95"}],"bounds":{"lowerRight":{"x":363,"y":961},"upperLeft":{"x":15,"y":287}},"dockers":[]},{"resourceId":"sid-FAFD3B47-CB98-4647-9F3D-4DA46F3B58B1","properties":{"overrideid":"","name":"","documentation":"","ifpartcondition":"","triggermode":""},"stencil":{"id":"EntryCriterion"},"childShapes":[],"outgoing":[],"bounds":{"lowerRight":{"x":21.594945492400814,"y":593.3377583374503},"upperLeft":{"x":7.594945492400814,"y":571.3377583374503}},"dockers":[{"x":2.367198944091797,"y":296}]},{"resourceId":"sid-5E9A7A08-A991-425A-98B9-C10A6300327E","properties":{"overrideid":"","name":"","documentation":"","ifpartcondition":"","triggermode":""},"stencil":{"id":"ExitCriterion"},"childShapes":[],"outgoing":[],"bounds":{"lowerRight":{"x":191.25601290360547,"y":972.9201938483707},"upperLeft":{"x":177.25601290360547,"y":950.9201938483707}},"dockers":[{"x":169.36720275878906,"y":667}]},{"resourceId":"sid-032848A0-377F-491E-A913-10205EB56A96","properties":{"overrideid":"","name":"Biomechanical Chacterization Completed","documentation":"","completionneutralenabled":"","completionneutralrulecondition":"","requiredenabled":"","requiredrulecondition":"","repetitionenabled":"","repetitionrulecondition":"","repetitioncountervariablename":"","repetition_variableaggregations":"","planitemlifecyclelisteners":"","availablecondition":""},"stencil":{"id":"UserEventListener"},"childShapes":[],"outgoing":[{"resourceId":"sid-6FA09908-5472-49D2-A6F8-1E879792466A"},{"resourceId":"sid-2B4AD5FB-0DF1-4FF1-85E3-B58D942D498C"}],"bounds":{"lowerRight":{"x":720.498,"y":1019.2825055080478},"upperLeft":{"x":690,"y":988.7815055080479}},"dockers":[{"x":705.249,"y":1004.0320055080479}]},{"resourceId":"sid-745489FA-F2E1-48CA-857C-6A14AE7BD308","properties":{"overrideid":"","name":"Safety&Biocompatibility Studies Completed","documentation":"","completionneutralenabled":"","completionneutralrulecondition":"","requiredenabled":"","requiredrulecondition":"","repetitionenabled":"","repetitionrulecondition":"","repetitioncountervariablename":"","repetition_variableaggregations":"","planitemlifecyclelisteners":"","availablecondition":""},"stencil":{"id":"UserEventListener"},"childShapes":[],"outgoing":[{"resourceId":"sid-31E9073B-EF66-4621-8468-AA203B942C87"},{"resourceId":"sid-FABDFDF3-7DCA-4748-AB3F-DB88982A178D"}],"bounds":{"lowerRight":{"x":885.498,"y":1079.895278011052},"upperLeft":{"x":855,"y":1049.394278011052}},"dockers":[{"x":870.249,"y":1064.644778011052}]},{"resourceId":"sid-F0B4E3C3-9024-4CDE-94C8-724612EF8A04","properties":{"overrideid":"","name":"","documentation":"","ifpartcondition":"","triggermode":""},"stencil":{"id":"EntryCriterion"},"childShapes":[],"outgoing":[],"bounds":{"lowerRight":{"x":1036.6170504927954,"y":1047.803233515702},"upperLeft":{"x":1022.6170504927954,"y":1025.803233515702}},"dockers":[{"x":69.75,"y":6.35522198894796}]},{"resourceId":"sid-A8A3FB52-C533-4713-85F7-A9116C3FE2AF","properties":{"overrideid":"","name":"","documentation":"","ifpartcondition":"","triggermode":""},"stencil":{"id":"EntryCriterion"},"childShapes":[],"outgoing":[],"bounds":{"lowerRight":{"x":111.75038021933857,"y":1100.9724265687594},"upperLeft":{"x":97.75038021933857,"y":1078.9724265687594}},"dockers":[{"x":0.49398709639453386,"y":25}]},{"resourceId":"sid-49071B48-4C5E-44B7-88A7-CB0140955619","properties":{"overrideid":"","name":"","documentation":"","ifpartcondition":"","triggermode":""},"stencil":{"id":"EntryCriterion"},"childShapes":[],"outgoing":[],"bounds":{"lowerRight":{"x":635.9182644435733,"y":1048.345800293872},"upperLeft":{"x":621.9182644435733,"y":1026.345800293872}},"dockers":[{"x":119.38280201505415,"y":3.35522198894796}]},{"resourceId":"sid-A1BED77A-195A-4583-B9D3-84DDE718233B","properties":{"overrideid":"","name":"","documentation":"","ifpartcondition":"","triggermode":""},"stencil":{"id":"EntryCriterion"},"childShapes":[],"outgoing":[],"bounds":{"lowerRight":{"x":985.3219761731613,"y":1048.3599176280538},"upperLeft":{"x":971.3219761731613,"y":1026.3599176280538}},"dockers":[{"x":24.75,"y":3.35522198894796}]},{"resourceId":"sid-2445E8E5-E067-4000-9C9A-BA0A905285FC","properties":{"overrideid":"","name":"","documentation":"","ifpartcondition":"","triggermode":""},"stencil":{"id":"EntryCriterion"},"childShapes":[],"outgoing":[],"bounds":{"lowerRight":{"x":810.7407467933149,"y":896.6451983532871},"upperLeft":{"x":796.7407467933149,"y":874.6451983532871}},"dockers":[{"x":0.75,"y":597}]},{"resourceId":"sid-2D7758E8-5DD3-40AD-AA39-D7F093C9957E","properties":{"overrideid":"","name":"Material processing completed","documentation":"","completionneutralenabled":"","completionneutralrulecondition":"","requiredenabled":"","requiredrulecondition":"","repetitionenabled":"","repetitionrulecondition":"","repetitioncountervariablename":"","repetition_variableaggregations":"","planitemlifecyclelisteners":"","availablecondition":""},"stencil":{"id":"UserEventListener"},"childShapes":[],"outgoing":[{"resourceId":"sid-6AD8772E-5564-4199-98A2-5F51B06FF76A"},{"resourceId":"sid-2EE8F1B1-DC6A-4300-9DCF-FED0886901B6"}],"bounds":{"lowerRight":{"x":631.999,"y":70.25049999999999},"upperLeft":{"x":601.501,"y":39.7495}},"dockers":[{"x":616.75,"y":54.99999999999999}]},{"resourceId":"sid-71FB310D-C845-4FFA-B62E-84C8DBEFD519","properties":{"overrideid":"","name":"","documentation":"","ifpartcondition":"","triggermode":""},"stencil":{"id":"EntryCriterion"},"childShapes":[],"outgoing":[],"bounds":{"lowerRight":{"x":606.1809539939546,"y":160.27135526172447},"upperLeft":{"x":592.1809539939546,"y":138.27135526172447}},"dockers":[{"x":8,"y":29}]},{"resourceId":"sid-4A6B05C5-1B93-43CE-9E29-6DF05AA1DF98","properties":{"overrideid":"","name":"Test viscosity","documentation":"","isblocking":true,"isblockingexpression":"","usertaskassignment":{"assignment":{"type":"idm","idm":{"type":"initiator"}}},"formkeydefinition":"","formreference":{"id":"4b72faa7-d91c-11eb-9159-0242ac1f0003","name":"Form_ViscosityStiffness","key":"Form_ViscosityStiffness"},"formfieldvalidation":true,"duedatedefinition":"","prioritydefinition":"","tasklisteners":"","isasync":"","isexclusive":"","requiredenabled":"","requiredrulecondition":"","repetitionenabled":"","repetitionrulecondition":"${repetitionCounter6<100}","repetitioncountervariablename":"repetitionCounter6","repetition_variableaggregations":"","manualactivationenabled":"","manualactivationrulecondition":"","completionneutralenabled":"","completionneutralrulecondition":"","planitemlifecyclelisteners":"","taskidvariablename":""},"stencil":{"id":"HumanTask"},"childShapes":[],"outgoing":[{"resourceId":"sid-AD549292-24E0-4B97-967C-538892EAAD1B"}],"bounds":{"lowerRight":{"x":387.39822367868135,"y":1460},"upperLeft":{"x":287.39822367868135,"y":1380}},"dockers":[]},{"resourceId":"sid-18ED29AD-9B3A-4A0A-9840-DB9D39B7D054","properties":{"overrideid":"","name":"Test porosity","documentation":"","isblocking":true,"isblockingexpression":"","usertaskassignment":{"assignment":{"type":"idm","idm":{"type":"initiator"}}},"formkeydefinition":"","formreference":{"id":"94d20f1c-d91f-11eb-9159-0242ac1f0003","name":"Form_Porosity","key":"Form_Porosity"},"formfieldvalidation":true,"duedatedefinition":"","prioritydefinition":"","tasklisteners":"","isasync":"","isexclusive":"","requiredenabled":"","requiredrulecondition":"","repetitionenabled":"","repetitionrulecondition":"${repetitionCounter3<100}","repetitioncountervariablename":"repetitionCounter3","repetition_variableaggregations":"","manualactivationenabled":"","manualactivationrulecondition":"","completionneutralenabled":"","completionneutralrulecondition":"","planitemlifecyclelisteners":"","taskidvariablename":""},"stencil":{"id":"HumanTask"},"childShapes":[],"outgoing":[{"resourceId":"sid-C54C0D9B-5BFD-46C5-80CF-833C8803FE22"}],"bounds":{"lowerRight":{"x":154.75038021933858,"y":1370},"upperLeft":{"x":54.75038021933858,"y":1290}},"dockers":[]},{"resourceId":"sid-C54C0D9B-5BFD-46C5-80CF-833C8803FE22","properties":{"overrideid":"","name":"","documentation":"","ifpartcondition":"${vars:equals(update, 'Porosity')}","triggermode":"onEvent"},"stencil":{"id":"EntryCriterion"},"childShapes":[],"outgoing":[],"bounds":{"lowerRight":{"x":61.66745279081535,"y":1336.7942484733865},"upperLeft":{"x":47.66745279081535,"y":1314.7942484733865}},"dockers":[{"x":2.3672027587890625,"y":36}]},{"resourceId":"sid-AD549292-24E0-4B97-967C-538892EAAD1B","properties":{"overrideid":"","name":"","documentation":"","ifpartcondition":"${vars:equals(update, 'Viscosity')}","triggermode":"onEvent"},"stencil":{"id":"EntryCriterion"},"childShapes":[],"outgoing":[],"bounds":{"lowerRight":{"x":294.0340562258648,"y":1436.9587123091846},"upperLeft":{"x":280.0340562258648,"y":1414.9587123091846}},"dockers":[{"x":6,"y":45.20575152661354}]},{"resourceId":"sid-246B6C6B-657F-4107-AA7E-0D8897A8B832","properties":{"overrideid":"","name":"Test rheological properties","documentation":"","isblocking":true,"isblockingexpression":"","usertaskassignment":{"assignment":{"type":"idm","idm":{"type":"initiator"}}},"formkeydefinition":"","formreference":{"id":"1094d479-d91d-11eb-9159-0242ac1f0003","name":"Form_StressRelaxationBehavior","key":"Form_StressRelaxationBehavior"},"formfieldvalidation":true,"duedatedefinition":"","prioritydefinition":"","tasklisteners":"","isasync":"","isexclusive":"","requiredenabled":"","requiredrulecondition":"","repetitionenabled":"","repetitionrulecondition":"${repetitionCounter8<100}","repetitioncountervariablename":"repetitionCounter8","repetition_variableaggregations":"","manualactivationenabled":"","manualactivationrulecondition":"","completionneutralenabled":"","completionneutralrulecondition":"","planitemlifecyclelisteners":"","taskidvariablename":""},"stencil":{"id":"HumanTask"},"childShapes":[],"outgoing":[{"resourceId":"sid-245614A6-DEB3-44F6-B35F-FC488E67CDE5"}],"bounds":{"lowerRight":{"x":520,"y":1460},"upperLeft":{"x":420,"y":1380}},"dockers":[]},{"resourceId":"sid-245614A6-DEB3-44F6-B35F-FC488E67CDE5","properties":{"overrideid":"","name":"","documentation":"","ifpartcondition":"${vars:equals(update, 'Rheology')}","triggermode":"onEvent"},"stencil":{"id":"EntryCriterion"},"childShapes":[],"outgoing":[],"bounds":{"lowerRight":{"x":426.74952880183116,"y":1437.1209143859016},"upperLeft":{"x":412.74952880183116,"y":1415.1209143859016}},"dockers":[{"x":0.7421917412431185,"y":46}]},{"resourceId":"sid-12DCAA20-6EAC-4453-9DEA-94CE4EE4AFCA","properties":{"overrideid":"","name":"Test swelling degree","documentation":"","isblocking":true,"isblockingexpression":"","usertaskassignment":{"assignment":{"type":"idm","idm":{"type":"initiator"}}},"formkeydefinition":"","formreference":{"id":"0b134b05-d91b-11eb-9159-0242ac1f0003","name":"Form_SwellingDegree","key":"Form_SwellingDegree"},"formfieldvalidation":true,"duedatedefinition":"","prioritydefinition":"","tasklisteners":"","isasync":"","isexclusive":"","requiredenabled":"","requiredrulecondition":"","repetitionenabled":"","repetitionrulecondition":"${repetitionCounter7<100}","repetitioncountervariablename":"repetitionCounter7","repetition_variableaggregations":"","manualactivationenabled":"","manualactivationrulecondition":"","completionneutralenabled":"","completionneutralrulecondition":"","planitemlifecyclelisteners":"","taskidvariablename":""},"stencil":{"id":"HumanTask"},"childShapes":[],"outgoing":[{"resourceId":"sid-21EC1DF6-E8C5-46FE-A568-28E797CAFCC6"}],"bounds":{"lowerRight":{"x":520,"y":1365.7942484733865},"upperLeft":{"x":420,"y":1285.7942484733865}},"dockers":[]},{"resourceId":"sid-21EC1DF6-E8C5-46FE-A568-28E797CAFCC6","properties":{"overrideid":"","name":"","documentation":"","ifpartcondition":"${vars:equals(update, 'Swelling Degree')}","triggermode":"onEvent"},"stencil":{"id":"EntryCriterion"},"childShapes":[],"outgoing":[],"bounds":{"lowerRight":{"x":426.6257622735312,"y":1352.7834276955741},"upperLeft":{"x":412.6257622735312,"y":1330.7834276955741}},"dockers":[{"x":2.7421917412431185,"y":55}]},{"resourceId":"sid-FAFE3DAE-AFEF-433B-A8FE-DEB5B25D9A51","properties":{"overrideid":"","name":"Test injectability/Viability","documentation":"","isblocking":true,"isblockingexpression":"","usertaskassignment":{"assignment":{"type":"idm","idm":{"type":"initiator"}}},"formkeydefinition":"","formreference":{"id":"43816b20-d8e4-11eb-9159-0242ac1f0003","name":"Form_InjectabilityViability","key":"Form_InjectabilityViability"},"formfieldvalidation":true,"duedatedefinition":"","prioritydefinition":"","tasklisteners":"","isasync":"","isexclusive":"","requiredenabled":"","requiredrulecondition":"","repetitionenabled":"","repetitionrulecondition":"${repetitionCounter5<100}","repetitioncountervariablename":"repetitionCounter5","repetition_variableaggregations":"","manualactivationenabled":"","manualactivationrulecondition":"","completionneutralenabled":"","completionneutralrulecondition":"","planitemlifecyclelisteners":"","taskidvariablename":""},"stencil":{"id":"HumanTask"},"childShapes":[],"outgoing":[{"resourceId":"sid-7DD3EBC3-3D41-4333-9F4C-EB4501D757CF"}],"bounds":{"lowerRight":{"x":269.3879714247009,"y":1458.9487632678722},"upperLeft":{"x":169.38797142470088,"y":1378.9487632678722}},"dockers":[]},{"resourceId":"sid-7DD3EBC3-3D41-4333-9F4C-EB4501D757CF","properties":{"overrideid":"","name":"","documentation":"","ifpartcondition":"${vars:equals(update, 'Injectability')}","triggermode":"onEvent"},"stencil":{"id":"EntryCriterion"},"childShapes":[],"outgoing":[],"bounds":{"lowerRight":{"x":176.14011030221832,"y":1437.089459135006},"upperLeft":{"x":162.14011030221832,"y":1415.089459135006}},"dockers":[{"x":0.7421917412431185,"y":47}]},{"resourceId":"sid-2DD32835-B573-4A29-A019-F07767F7FC8D","properties":{"overrideid":"","name":"Test crystallinity","documentation":"","isblocking":true,"isblockingexpression":"","usertaskassignment":{"assignment":{"type":"idm","idm":{"type":"initiator"}}},"formkeydefinition":"","formreference":{"id":"593c4e2b-d91f-11eb-9159-0242ac1f0003","name":"Form_Crystallinity","key":"Form_Crystallinity"},"formfieldvalidation":true,"duedatedefinition":"","prioritydefinition":"","tasklisteners":"","isasync":"","isexclusive":"","requiredenabled":"","requiredrulecondition":"","repetitionenabled":"","repetitionrulecondition":"${repetitionCounter4<100}","repetitioncountervariablename":"repetitionCounter4","repetition_variableaggregations":"","manualactivationenabled":"","manualactivationrulecondition":"","completionneutralenabled":"","completionneutralrulecondition":"","planitemlifecyclelisteners":"","taskidvariablename":""},"stencil":{"id":"HumanTask"},"childShapes":[],"outgoing":[{"resourceId":"sid-F1A09F91-1022-47B1-842E-3A38BE1BD2D2"}],"bounds":{"lowerRight":{"x":154.7503802193387,"y":1460},"upperLeft":{"x":54.750380219338695,"y":1380}},"dockers":[]},{"resourceId":"sid-F1A09F91-1022-47B1-842E-3A38BE1BD2D2","properties":{"overrideid":"","name":"","documentation":"","ifpartcondition":"${vars:equals(update, 'Crystallanity')}","triggermode":"onEvent"},"stencil":{"id":"EntryCriterion"},"childShapes":[],"outgoing":[],"bounds":{"lowerRight":{"x":61.0200751597939,"y":1429.9487632678722},"upperLeft":{"x":47.0200751597939,"y":1407.9487632678722}},"dockers":[{"x":1.7421917412431185,"y":38.99999850988388}]},{"resourceId":"sid-2485F68D-3F3F-47AB-83AC-BA86CE868D9A","properties":{"overrideid":"","name":"Update Data","documentation":"","isblocking":true,"isblockingexpression":"","usertaskassignment":{"assignment":{"type":"idm","idm":{"type":"initiator"}}},"formkeydefinition":"","formreference":{"id":"0d6cb5fa-16e6-11ec-8d59-0242ac1b0003","name":"update","key":"update"},"formfieldvalidation":true,"duedatedefinition":"","prioritydefinition":"","tasklisteners":"","isasync":"","isexclusive":"","requiredenabled":"","requiredrulecondition":"","repetitionenabled":"","repetitionrulecondition":"${repetitionCounter<100}","repetitioncountervariablename":"repetitionCounter","repetition_variableaggregations":"","manualactivationenabled":"","manualactivationrulecondition":"","completionneutralenabled":"","completionneutralrulecondition":"","planitemlifecyclelisteners":"","taskidvariablename":""},"stencil":{"id":"HumanTask"},"childShapes":[],"outgoing":[{"resourceId":"sid-AD5EE807-CA8D-4591-BF8A-07308723C571"},{"resourceId":"sid-D4DE6580-D1DB-4DED-B88D-3A33A9B691A1"},{"resourceId":"sid-58970604-0D2E-4F95-8B45-F4C1A6961C78"},{"resourceId":"sid-F94EFFBD-E937-4477-9720-9A36B443CBD0"},{"resourceId":"sid-75412070-2B0A-45E7-95B7-78EFA6119541"},{"resourceId":"sid-6B13E3A6-B9C2-4F0D-BFD5-E6D488E13D4C"},{"resourceId":"sid-38E968B9-CED9-48C7-BA1F-9A931FCF21A7"},{"resourceId":"sid-00D9F8FD-9B1B-43F8-99B2-DD94D9CDD585"},{"resourceId":"sid-79A6AE36-9927-4B10-BB3C-63D0609C9D96"},{"resourceId":"sid-8F16B603-9169-47A3-BDF7-D332630CEAE4"},{"resourceId":"sid-C47FC14F-CFDD-4DDC-BA30-74806DCC4201"},{"resourceId":"sid-E15E967D-3EFF-4944-B1D1-3CE8426CAC09"},{"resourceId":"sid-8F0D0706-4447-4B45-B193-448A1AF18089"},{"resourceId":"sid-C1CB1C72-4C62-40B3-A4AE-591847E0807B"},{"resourceId":"sid-3BC2BA70-B78C-42AE-B4B6-5EE440407781"},{"resourceId":"sid-A8A57534-1646-4992-B0C2-F9BCB0411E71"}],"bounds":{"lowerRight":{"x":277.8184089904499,"y":1248.5209733658135},"upperLeft":{"x":177.81840899044988,"y":1168.5209733658135}},"dockers":[]},{"resourceId":"sid-69C1142C-C2AD-49F9-BB81-EBEFEB36154E","properties":{"overrideid":"","name":"Update Required","documentation":"","completionneutralenabled":"","completionneutralrulecondition":"","requiredenabled":"","requiredrulecondition":"","repetitionenabled":"","repetitionrulecondition":"${repetitionCounter2<100}","repetitioncountervariablename":"repetitionCounter2","repetition_variableaggregations":"","planitemlifecyclelisteners":"","availablecondition":""},"stencil":{"id":"UserEventListener"},"childShapes":[],"outgoing":[{"resourceId":"sid-62FC4CF0-C882-44FB-9436-B7DBD6B168D2"}],"bounds":{"lowerRight":{"x":99.49799999999999,"y":1228.40443102053},"upperLeft":{"x":69,"y":1197.90343102053}},"dockers":[{"x":84.249,"y":1213.1539310205299}]},{"resourceId":"sid-AD5EE807-CA8D-4591-BF8A-07308723C571","properties":{"overrideid":"","name":"","documentation":"","ifpartcondition":"","triggermode":""},"stencil":{"id":"EntryCriterion"},"childShapes":[],"outgoing":[],"bounds":{"lowerRight":{"x":184.355512661967,"y":1222.6749043863435},"upperLeft":{"x":170.355512661967,"y":1200.6749043863435}},"dockers":[{"x":2,"y":43}]},{"resourceId":"sid-DB240EFA-AD90-4710-89B6-685165E45B5D","properties":{"overrideid":"","name":"Test range of motion","documentation":"","isblocking":true,"isblockingexpression":"","usertaskassignment":{"assignment":{"type":"idm","idm":{"type":"initiator"}}},"formkeydefinition":"","formreference":{"id":"bf2a15ea-e615-11eb-8d59-0242ac1b0003","name":"Form_RangeofMotion","key":"Form_RangeofMotion"},"formfieldvalidation":true,"duedatedefinition":"","prioritydefinition":"","tasklisteners":"","isasync":"","isexclusive":"","requiredenabled":"","requiredrulecondition":"","repetitionenabled":"","repetitionrulecondition":"${repetitionCounter9<100}","repetitioncountervariablename":"repetitionCounter9","repetition_variableaggregations":"","manualactivationenabled":"","manualactivationrulecondition":"","completionneutralenabled":"","completionneutralrulecondition":"","planitemlifecyclelisteners":"","taskidvariablename":""},"stencil":{"id":"HumanTask"},"childShapes":[],"outgoing":[{"resourceId":"sid-6C277141-8566-4CA5-A0CD-F604D66F6066"}],"bounds":{"lowerRight":{"x":678.9182644435733,"y":1350.1314927889277},"upperLeft":{"x":578.9182644435733,"y":1270.1314927889277}},"dockers":[]},{"resourceId":"sid-BA44A0C1-0C17-45B1-81AD-3E32320473BD","properties":{"overrideid":"","name":"Test biomaterial failure","documentation":"","isblocking":true,"isblockingexpression":"","usertaskassignment":{"assignment":{"type":"idm","idm":{"type":"initiator"}}},"formkeydefinition":"","formreference":{"id":"f4bc614b-e615-11eb-8d59-0242ac1b0003","name":"Form_BiomaterialFailure","key":"Form_BiomaterialFailure"},"formfieldvalidation":true,"duedatedefinition":"","prioritydefinition":"","tasklisteners":"","isasync":"","isexclusive":"","requiredenabled":"","requiredrulecondition":"","repetitionenabled":"","repetitionrulecondition":"${repetitionCounter11<100}","repetitioncountervariablename":"repetitionCounter11","repetition_variableaggregations":"","manualactivationenabled":"","manualactivationrulecondition":"","completionneutralenabled":"","completionneutralrulecondition":"","planitemlifecyclelisteners":"","taskidvariablename":""},"stencil":{"id":"HumanTask"},"childShapes":[],"outgoing":[{"resourceId":"sid-7CC42202-0B58-4AC9-9FD0-0757630EEA12"}],"bounds":{"lowerRight":{"x":785.8710061060209,"y":1455.7732372953913},"upperLeft":{"x":685.8710061060209,"y":1375.7732372953913}},"dockers":[]},{"resourceId":"sid-4F4D7E0C-B0B3-4A00-99CD-3A7B08465912","properties":{"overrideid":"","name":"Test behavior under dynamic/diurnal loading","documentation":"","isblocking":true,"isblockingexpression":"","usertaskassignment":{"assignment":{"type":"idm","idm":{"type":"initiator"}}},"formkeydefinition":"","formreference":{"id":"313d6c9c-e616-11eb-8d59-0242ac1b0003","name":"Form_BehaviourUnderLoading","key":"Form_BehaviourUnderLoading"},"formfieldvalidation":true,"duedatedefinition":"","prioritydefinition":"","tasklisteners":"","isasync":"","isexclusive":"","requiredenabled":"","requiredrulecondition":"","repetitionenabled":"","repetitionrulecondition":"${repetitionCounter12<100}","repetitioncountervariablename":"repetitionCounter12","repetition_variableaggregations":"","manualactivationenabled":"","manualactivationrulecondition":"","completionneutralenabled":"","completionneutralrulecondition":"","planitemlifecyclelisteners":"","taskidvariablename":""},"stencil":{"id":"HumanTask"},"childShapes":[],"outgoing":[{"resourceId":"sid-04EAE31E-44D4-44F2-AE2B-FA8B19AEFF78"}],"bounds":{"lowerRight":{"x":887.4815255291352,"y":1426.3393823562633},"upperLeft":{"x":787.4815255291352,"y":1346.3393823562633}},"dockers":[]},{"resourceId":"sid-BBB98D93-43B8-4065-9190-C4AD7C31D1ED","properties":{"overrideid":"","name":"Test disc height restoration","documentation":"","isblocking":true,"isblockingexpression":"","usertaskassignment":{"assignment":{"type":"idm","idm":{"type":"initiator"}}},"formkeydefinition":"","formreference":{"id":"5a72486d-e616-11eb-8d59-0242ac1b0003","name":"Form_DiscHeightRestoration","key":"Form_DiscHeightRestoration"},"formfieldvalidation":true,"duedatedefinition":"","prioritydefinition":"","tasklisteners":"","isasync":"","isexclusive":"","requiredenabled":"","requiredrulecondition":"","repetitionenabled":"","repetitionrulecondition":"${repetitionCounter10<100}","repetitioncountervariablename":"repetitionCounter10","repetition_variableaggregations":"","manualactivationenabled":"","manualactivationrulecondition":"","completionneutralenabled":"","completionneutralrulecondition":"","planitemlifecyclelisteners":"","taskidvariablename":""},"stencil":{"id":"HumanTask"},"childShapes":[],"outgoing":[{"resourceId":"sid-4E943F47-B912-4322-AB43-B6142F304DD2"}],"bounds":{"lowerRight":{"x":678.9182644435733,"y":1458.9487632678722},"upperLeft":{"x":578.9182644435733,"y":1378.9487632678722}},"dockers":[]},{"resourceId":"sid-D2594669-9725-4357-968F-A17DE8B32974","properties":{"overrideid":"","name":"Test immunological compatibility","documentation":"","isblocking":true,"isblockingexpression":"","usertaskassignment":{"assignment":{"type":"idm","idm":{"type":"initiator"}}},"formkeydefinition":"","formreference":{"id":"190b2902-e617-11eb-8d59-0242ac1b0003","name":"Form_ImmunologicalCompatibility","key":"Form_ImmunologicalCompatibility"},"formfieldvalidation":true,"duedatedefinition":"","prioritydefinition":"","tasklisteners":"","isasync":"","isexclusive":"","requiredenabled":"","requiredrulecondition":"","repetitionenabled":"","repetitionrulecondition":"${repetitionCounter17<100}","repetitioncountervariablename":"repetitionCounter17","repetition_variableaggregations":"","manualactivationenabled":"","manualactivationrulecondition":"","completionneutralenabled":"","completionneutralrulecondition":"","planitemlifecyclelisteners":"","taskidvariablename":"","type":"http://b3mn.org/stencilset/cmmn1.1#Task"},"stencil":{"id":"HumanTask"},"childShapes":[],"outgoing":[{"resourceId":"sid-9BA3DAA1-25AF-43EB-B2AF-846CA05B9146"}],"bounds":{"lowerRight":{"x":1192.3130837984777,"y":1426.3393823562633},"upperLeft":{"x":1092.3130837984777,"y":1346.3393823562633}},"dockers":[]},{"resourceId":"sid-9B3B56E8-F03E-4B5F-A78E-07E4BFC826B6","properties":{"overrideid":"","name":"In Vivo Study Design","documentation":"","isblocking":true,"isblockingexpression":"","usertaskassignment":{"assignment":{"type":"idm","idm":{"type":"initiator"}}},"formkeydefinition":"","formreference":{"id":"50c7525b-e0e3-11eb-8d59-0242ac1b0003","name":"Form_Safety","key":"Form_Safety"},"formfieldvalidation":true,"duedatedefinition":"","prioritydefinition":"","tasklisteners":"","isasync":"","isexclusive":"","requiredenabled":"","requiredrulecondition":"","repetitionenabled":"","repetitionrulecondition":"${repetitionCounter16<100}","repetitioncountervariablename":"repetitionCounter16","repetition_variableaggregations":"","manualactivationenabled":"","manualactivationrulecondition":"","completionneutralenabled":"","completionneutralrulecondition":"","planitemlifecyclelisteners":"","taskidvariablename":""},"stencil":{"id":"HumanTask"},"childShapes":[],"outgoing":[{"resourceId":"sid-35CF1D4D-B5AA-40D2-B0A9-C75753256CB7"}],"bounds":{"lowerRight":{"x":1370.1314927889277,"y":1426.3393823562633},"upperLeft":{"x":1270.1314927889277,"y":1346.3393823562633}},"dockers":[]},{"resourceId":"sid-EF0EAE37-A61D-4821-A0B6-EBACA244A864","properties":{"overrideid":"","name":"Test blood compatibility","documentation":"","isblocking":true,"isblockingexpression":"","usertaskassignment":{"assignment":{"type":"idm","idm":{"type":"initiator"}}},"formkeydefinition":"","formreference":{"id":"cbf54600-e616-11eb-8d59-0242ac1b0003","name":"Form_BloodCompatibility","key":"Form_BloodCompatibility"},"formfieldvalidation":true,"duedatedefinition":"","prioritydefinition":"","tasklisteners":"","isasync":"","isexclusive":"","requiredenabled":"","requiredrulecondition":"","repetitionenabled":"","repetitionrulecondition":"${repetitionCounter15<100}","repetitioncountervariablename":"repetitionCounter15","repetition_variableaggregations":"","manualactivationenabled":"","manualactivationrulecondition":"","completionneutralenabled":"","completionneutralrulecondition":"","planitemlifecyclelisteners":"","taskidvariablename":""},"stencil":{"id":"HumanTask"},"childShapes":[],"outgoing":[{"resourceId":"sid-B47B914F-9229-4D8B-A112-54C9A763627E"}],"bounds":{"lowerRight":{"x":1243.118343510035,"y":1318.1314927889277},"upperLeft":{"x":1143.118343510035,"y":1238.1314927889277}},"dockers":[]},{"resourceId":"sid-94562933-E28E-4F54-8D65-ECB607E1DC95","properties":{"overrideid":"","name":"Test cell compatibility","documentation":"","isblocking":true,"isblockingexpression":"","usertaskassignment":{"assignment":{"type":"idm","idm":{"type":"initiator"}}},"formkeydefinition":"","formreference":{"id":"a80598cf-e616-11eb-8d59-0242ac1b0003","name":"Form_CellCompatibility","key":"Form_CellCompatibility"},"formfieldvalidation":true,"duedatedefinition":"","prioritydefinition":"","tasklisteners":"","isasync":"","isexclusive":"","requiredenabled":"","requiredrulecondition":"","repetitionenabled":"","repetitionrulecondition":"${repetitionCounter14<100}","repetitioncountervariablename":"repetitionCounter14","repetition_variableaggregations":"","manualactivationenabled":"","manualactivationrulecondition":"","completionneutralenabled":"","completionneutralrulecondition":"","planitemlifecyclelisteners":"","taskidvariablename":""},"stencil":{"id":"HumanTask"},"childShapes":[],"outgoing":[{"resourceId":"sid-55D931DC-1849-4FC0-8CB7-47244E296655"}],"bounds":{"lowerRight":{"x":1370.1314927889277,"y":1318.1314927889277},"upperLeft":{"x":1270.1314927889277,"y":1238.1314927889277}},"dockers":[]},{"resourceId":"sid-9BA3DAA1-25AF-43EB-B2AF-846CA05B9146","properties":{"overrideid":"","name":"","documentation":"","ifpartcondition":"${vars:equals(update, 'Immunological Compatibility')}","triggermode":"onEvent"},"stencil":{"id":"EntryCriterion"},"childShapes":[],"outgoing":[],"bounds":{"lowerRight":{"x":1150.2396696334624,"y":1357.1575581934967},"upperLeft":{"x":1136.2396696334624,"y":1335.1575581934967}},"dockers":[{"x":50.80523664919201,"y":5.080539518736714}]},{"resourceId":"sid-55D931DC-1849-4FC0-8CB7-47244E296655","properties":{"overrideid":"","name":"","documentation":"","ifpartcondition":"${vars:equals(update, 'Cell Compatibility')}","triggermode":"onEvent"},"stencil":{"id":"EntryCriterion"},"childShapes":[],"outgoing":[],"bounds":{"lowerRight":{"x":1294.255452933995,"y":1248.3833991311408},"upperLeft":{"x":1280.255452933995,"y":1226.3833991311408}},"dockers":[{"x":26.39594537632547,"y":10.744036302636005}]},{"resourceId":"sid-35CF1D4D-B5AA-40D2-B0A9-C75753256CB7","properties":{"overrideid":"","name":"","documentation":"","ifpartcondition":"${vars:equals(update, 'In Vivo Study Design')}","triggermode":"onEvent"},"stencil":{"id":"EntryCriterion"},"childShapes":[],"outgoing":[],"bounds":{"lowerRight":{"x":1317.362441538349,"y":1357.1367982562185},"upperLeft":{"x":1303.362441538349,"y":1335.1367982562185}},"dockers":[{"x":42.337741667174214,"y":8.467502409361714}]},{"resourceId":"sid-B47B914F-9229-4D8B-A112-54C9A763627E","properties":{"overrideid":"","name":"","documentation":"","ifpartcondition":"${vars:equals(update, 'Blood Compatibility')}","triggermode":"onEvent"},"stencil":{"id":"EntryCriterion"},"childShapes":[],"outgoing":[],"bounds":{"lowerRight":{"x":1193.2532589787622,"y":1248.7653650510572},"upperLeft":{"x":1179.2532589787622,"y":1226.7653650510572}},"dockers":[{"x":44.03119262277755,"y":4.903907601697256}]},{"resourceId":"sid-04EAE31E-44D4-44F2-AE2B-FA8B19AEFF78","properties":{"overrideid":"","name":"","documentation":"","ifpartcondition":"${vars:equals(update, 'Behavior under Dynamic Loading')}","triggermode":"onEvent"},"stencil":{"id":"EntryCriterion"},"childShapes":[],"outgoing":[],"bounds":{"lowerRight":{"x":865.5073055264085,"y":1356.485187685164},"upperLeft":{"x":851.5073055264085,"y":1334.485187685164}},"dockers":[{"x":68.84304101562498,"y":3.386981793413497}]},{"resourceId":"sid-6C277141-8566-4CA5-A0CD-F604D66F6066","properties":{"overrideid":"","name":"","documentation":"","ifpartcondition":"${vars:equals(update, 'Range of Motion')}","triggermode":"onEvent"},"stencil":{"id":"EntryCriterion"},"childShapes":[],"outgoing":[],"bounds":{"lowerRight":{"x":585.4521389237159,"y":1323.328606783896},"upperLeft":{"x":571.4521389237159,"y":1301.328606783896}},"dockers":[{"x":7.081735556426679,"y":41.868507211072256}]},{"resourceId":"sid-7CC42202-0B58-4AC9-9FD0-0757630EEA12","properties":{"overrideid":"","name":"","documentation":"","ifpartcondition":"${vars:equals(update, 'Biomaterial Failure')}","triggermode":"onEvent"},"stencil":{"id":"EntryCriterion"},"childShapes":[],"outgoing":[],"bounds":{"lowerRight":{"x":769.3894978632416,"y":1386.3583408273091},"upperLeft":{"x":755.3894978632416,"y":1364.3583408273091}},"dockers":[{"x":74.1289938939791,"y":3.2267627046087455}]},{"resourceId":"sid-4E943F47-B912-4322-AB43-B6142F304DD2","properties":{"overrideid":"","name":"","documentation":"","ifpartcondition":"${vars:equals(update, 'Disc Height Restoration')}","triggermode":"onEvent"},"stencil":{"id":"EntryCriterion"},"childShapes":[],"outgoing":[],"bounds":{"lowerRight":{"x":585.663594380916,"y":1418.5646199759449},"upperLeft":{"x":571.663594380916,"y":1396.5646199759449}},"dockers":[{"x":6.081735556426679,"y":30.05123673212779}]},{"resourceId":"sid-68C0F1C9-D587-4166-A741-0A05D6E4C0DE","properties":{"overrideid":"","name":"Test biodegradation","documentation":"","isblocking":true,"isblockingexpression":"","usertaskassignment":{"assignment":{"type":"idm","idm":{"type":"initiator"}}},"formkeydefinition":"","formreference":{"id":"851a634e-e616-11eb-8d59-0242ac1b0003","name":"Form_Biodegradation","key":"Form_Biodegradation"},"formfieldvalidation":true,"duedatedefinition":"","prioritydefinition":"","tasklisteners":"","isasync":"","isexclusive":"","requiredenabled":"","requiredrulecondition":"","repetitionenabled":"","repetitionrulecondition":"${repetitionCounter13<100}","repetitioncountervariablename":"repetitionCounter13","repetition_variableaggregations":"","manualactivationenabled":"","manualactivationrulecondition":"","completionneutralenabled":"","completionneutralrulecondition":"","planitemlifecyclelisteners":"","taskidvariablename":""},"stencil":{"id":"HumanTask"},"childShapes":[],"outgoing":[{"resourceId":"sid-DAE659AB-333E-40FF-94B3-E135A4D54782"}],"bounds":{"lowerRight":{"x":1028.3219761731611,"y":1460},"upperLeft":{"x":928.3219761731611,"y":1380}},"dockers":[]},{"resourceId":"sid-DAE659AB-333E-40FF-94B3-E135A4D54782","properties":{"overrideid":"","name":"","documentation":"","ifpartcondition":"${vars:equals(update, 'Biodegradation')}","triggermode":"onEvent"},"stencil":{"id":"EntryCriterion"},"childShapes":[],"outgoing":[],"bounds":{"lowerRight":{"x":999.2940522353779,"y":1390.8246323698804},"upperLeft":{"x":985.2940522353779,"y":1368.8246323698804}},"dockers":[{"x":60.966281761974685,"y":8.467506234509756}]},{"resourceId":"sid-0F78F160-A4AD-4783-BEF5-A8B03B00FA77","properties":{"overrideid":"","name":"","documentation":"","ifpartcondition":"","triggermode":""},"stencil":{"id":"ExitCriterion"},"childShapes":[],"outgoing":[],"bounds":{"lowerRight":{"x":2752.9090963025747,"y":496.0000068328602},"upperLeft":{"x":2738.9090963025747,"y":474.0000068328602}},"dockers":[{"x":2745.9090963025747,"y":485.0000068328602}]},{"resourceId":"sid-2C79ED81-A92D-4B5F-828E-E4118BCAE21F","properties":{"overrideid":"","name":"Development finalized","documentation":"","completionneutralenabled":"","completionneutralrulecondition":"","requiredenabled":"","requiredrulecondition":"","repetitionenabled":"","repetitionrulecondition":"","repetitioncountervariablename":"","repetition_variableaggregations":"","planitemlifecyclelisteners":"","availablecondition":""},"stencil":{"id":"UserEventListener"},"childShapes":[],"outgoing":[{"resourceId":"sid-E50550EB-F416-477F-A463-4F182A9C4675"}],"bounds":{"lowerRight":{"x":2598.15809400617,"y":487.2505066497114},"upperLeft":{"x":2567.66009400617,"y":456.7495066497114}},"dockers":[{"x":2582.9090940061697,"y":472.0000066497114}]}],"outgoing":[],"bounds":{"lowerRight":{"x":2747.4680791660003,"y":1464.0637386271364},"upperLeft":{"x":0,"y":0}},"dockers":[]},{"resourceId":"sid-9648E04E-CF17-4EC9-A334-353943F2BE7C","properties":{"overrideid":"","name":"","documentation":"","transitionevent":"complete"},"stencil":{"id":"Association"},"childShapes":[],"outgoing":[{"resourceId":"sid-88748978-4537-4D09-B55C-658C7C7F7A93"}],"bounds":{"lowerRight":{"x":397.0671753345755,"y":670.5208834403925},"upperLeft":{"x":292.23219117108596,"y":574.039377766697}},"dockers":[{"x":99,"y":40},{"x":7,"y":11}],"target":{"resourceId":"sid-88748978-4537-4D09-B55C-658C7C7F7A93"}},{"resourceId":"sid-8B9A8D16-D685-44BC-BAA5-0CB71DDF44DA","properties":{"overrideid":"","name":"","documentation":"","transitionevent":"occur"},"stencil":{"id":"Association"},"childShapes":[],"outgoing":[{"resourceId":"sid-AA09855D-5DE7-4264-9773-8F64289D1BEC"}],"bounds":{"lowerRight":{"x":398.3545658805883,"y":1064.6257618827785},"upperLeft":{"x":203.02414766827297,"y":857.1205843247935}},"dockers":[{"x":72,"y":27},{"x":7,"y":11}],"target":{"resourceId":"sid-AA09855D-5DE7-4264-9773-8F64289D1BEC"}},{"resourceId":"sid-5BEA15F7-C536-4975-B23E-4656AAA0F23B","properties":{"overrideid":"","name":"","documentation":"","transitionevent":"complete"},"stencil":{"id":"Association"},"childShapes":[],"outgoing":[{"resourceId":"sid-8A7A1AC0-78B9-4710-90FB-2AC0FED8E437"}],"bounds":{"lowerRight":{"x":795.9973630852089,"y":701.2390538946729},"upperLeft":{"x":292.01432140610007,"y":674.6576645762929}},"dockers":[{"x":50,"y":40},{"x":7,"y":11}],"target":{"resourceId":"sid-8A7A1AC0-78B9-4710-90FB-2AC0FED8E437"}},{"resourceId":"sid-6FA09908-5472-49D2-A6F8-1E879792466A","properties":{"overrideid":"","name":"","documentation":"","transitionevent":"occur"},"stencil":{"id":"Association"},"childShapes":[],"outgoing":[{"resourceId":"sid-6DEFDE76-17C5-410A-B143-C1EDB3FF9560"}],"bounds":{"lowerRight":{"x":690.5715792947068,"y":998.6593745209667},"upperLeft":{"x":621.7905299954363,"y":972.7479482470491}},"dockers":[{"x":15.49800000000002,"y":15.500999999999987},{"x":8,"y":10}],"target":{"resourceId":"sid-6DEFDE76-17C5-410A-B143-C1EDB3FF9560"}},{"resourceId":"sid-73A382FD-126B-4597-BBA6-E2459C3883E8","properties":{"overrideid":"","name":"","documentation":"","transitionevent":"complete"},"stencil":{"id":"Association"},"childShapes":[],"outgoing":[{"resourceId":"sid-7E3B84A7-4A2C-43C0-95C9-1DC65CE764C8"}],"bounds":{"lowerRight":{"x":176.6957323104292,"y":569.4283211037654},"upperLeft":{"x":96.32449915880775,"y":369.67972041468096}},"dockers":[{"x":50,"y":40},{"x":7,"y":11}],"target":{"resourceId":"sid-7E3B84A7-4A2C-43C0-95C9-1DC65CE764C8"}},{"resourceId":"sid-91056235-65C6-4019-BCFE-BCD204707C5D","properties":{"overrideid":"","name":"","documentation":"","transitionevent":"complete"},"stencil":{"id":"Association"},"childShapes":[],"outgoing":[{"resourceId":"sid-E90DE306-0448-43AA-9DF0-EF6D9710DAA6"}],"bounds":{"lowerRight":{"x":190.55084150935048,"y":569.9647921229122},"upperLeft":{"x":116.84894907423138,"y":489.89003670368123}},"dockers":[{"x":50,"y":40},{"x":8,"y":9.999999999999943}],"target":{"resourceId":"sid-E90DE306-0448-43AA-9DF0-EF6D9710DAA6"}},{"resourceId":"sid-4F661A9F-BE10-4E02-95D6-5919E809A141","properties":{"overrideid":"","name":"","documentation":"","transitionevent":"complete"},"stencil":{"id":"Association"},"childShapes":[],"outgoing":[{"resourceId":"sid-96284CEE-93F6-45E9-A9D3-CE76A1946ABF"}],"bounds":{"lowerRight":{"x":188.27933837987246,"y":598.1644263572855},"upperLeft":{"x":130.22659851399496,"y":584.4846730358955}},"dockers":[{"x":50,"y":40},{"x":7,"y":11}],"target":{"resourceId":"sid-96284CEE-93F6-45E9-A9D3-CE76A1946ABF"}},{"resourceId":"sid-5B75922E-6C95-416D-84FE-0F826CED3215","properties":{"overrideid":"","name":"","documentation":"","transitionevent":"complete"},"stencil":{"id":"Association"},"childShapes":[],"outgoing":[{"resourceId":"sid-5E1A6AC1-29E0-492A-A5EF-076C80CB413C"}],"bounds":{"lowerRight":{"x":186.8894764009689,"y":776.7023033198446},"upperLeft":{"x":105.6643518144543,"y":650.025517054938}},"dockers":[{"x":50,"y":40},{"x":7,"y":11}],"target":{"resourceId":"sid-5E1A6AC1-29E0-492A-A5EF-076C80CB413C"}},{"resourceId":"sid-6B81E0D9-B2FA-4596-AC64-A9655CFBB0B1","properties":{"overrideid":"","name":"","documentation":"","transitionevent":"complete"},"stencil":{"id":"Association"},"childShapes":[],"outgoing":[{"resourceId":"sid-A67E68FF-B99D-406A-84ED-0CEA35372BEA"}],"bounds":{"lowerRight":{"x":191.82935504418396,"y":870.5988598664834},"upperLeft":{"x":97.45235159872738,"y":650.6696696660765}},"dockers":[{"x":50,"y":40},{"x":7,"y":11}],"target":{"resourceId":"sid-A67E68FF-B99D-406A-84ED-0CEA35372BEA"}},{"resourceId":"sid-2B4AD5FB-0DF1-4FF1-85E3-B58D942D498C","properties":{"overrideid":"","name":"","documentation":"","transitionevent":"occur"},"stencil":{"id":"Association"},"childShapes":[],"outgoing":[{"resourceId":"sid-49071B48-4C5E-44B7-88A7-CB0140955619"}],"bounds":{"lowerRight":{"x":689.2252807746387,"y":1034.4522921278544},"upperLeft":{"x":634.3816499882429,"y":1011.1859034843503}},"dockers":[{"x":15.498000000000022,"y":15.500999999999987},{"x":8,"y":10}],"target":{"resourceId":"sid-49071B48-4C5E-44B7-88A7-CB0140955619"}},{"resourceId":"sid-31E9073B-EF66-4621-8468-AA203B942C87","properties":{"overrideid":"","name":"","documentation":"","transitionevent":"occur"},"stencil":{"id":"Association"},"childShapes":[],"outgoing":[{"resourceId":"sid-A1BED77A-195A-4583-B9D3-84DDE718233B"}],"bounds":{"lowerRight":{"x":971.553179208009,"y":1061.0747170748098},"upperLeft":{"x":885.0682954759748,"y":1038.3970185403584}},"dockers":[{"x":15.498000000000022,"y":15.500999999999987},{"x":8,"y":10}],"target":{"resourceId":"sid-A1BED77A-195A-4583-B9D3-84DDE718233B"}},{"resourceId":"sid-FABDFDF3-7DCA-4748-AB3F-DB88982A178D","properties":{"overrideid":"","name":"","documentation":"","transitionevent":"occur"},"stencil":{"id":"Association"},"childShapes":[],"outgoing":[{"resourceId":"sid-1BDE9E48-8075-4927-B9D7-C64F85D3228C"}],"bounds":{"lowerRight":{"x":968.3324469807518,"y":1055.2693452115798},"upperLeft":{"x":882.6934556157282,"y":987.6740702280733}},"dockers":[{"x":15.498000000000047,"y":15.501000000000033},{"x":8,"y":10}],"target":{"resourceId":"sid-1BDE9E48-8075-4927-B9D7-C64F85D3228C"}},{"resourceId":"sid-950D2D9C-D33B-4904-8149-208721D3FA75","properties":{"overrideid":"","name":"","documentation":"","transitionevent":"occur"},"stencil":{"id":"Association"},"childShapes":[],"outgoing":[{"resourceId":"sid-2445E8E5-E067-4000-9C9A-BA0A905285FC"}],"bounds":{"lowerRight":{"x":797.8965325321989,"y":1067.5049458654044},"upperLeft":{"x":251.6219949339085,"y":887.5701960577736}},"dockers":[{"x":72,"y":27},{"x":7,"y":11}],"target":{"resourceId":"sid-2445E8E5-E067-4000-9C9A-BA0A905285FC"}},{"resourceId":"sid-EBFA0A9D-1A82-40C2-BFB7-7AC4D8F2039C","properties":{"overrideid":"","name":"","documentation":"","transitionevent":"occur"},"stencil":{"id":"Association"},"childShapes":[],"outgoing":[{"resourceId":"sid-FAFD3B47-CB98-4647-9F3D-4DA46F3B58B1"}],"bounds":{"lowerRight":{"x":630.7204184901376,"y":578.8096937129544},"upperLeft":{"x":19.922688083878928,"y":174.3355982835752}},"dockers":[{"x":72,"y":27},{"x":7,"y":11}],"target":{"resourceId":"sid-FAFD3B47-CB98-4647-9F3D-4DA46F3B58B1"}},{"resourceId":"sid-6AD8772E-5564-4199-98A2-5F51B06FF76A","properties":{"overrideid":"","name":"","documentation":"","transitionevent":"occur"},"stencil":{"id":"Association"},"childShapes":[],"outgoing":[{"resourceId":"sid-22F12689-0A3A-4C20-838D-08CC8ECCB871"}],"bounds":{"lowerRight":{"x":601.9334597395084,"y":212.8953247833668},"upperLeft":{"x":342.6340491466267,"y":63.906869726690154}},"dockers":[{"x":15.498000000000022,"y":15.500999999999994},{"x":7,"y":11}],"target":{"resourceId":"sid-22F12689-0A3A-4C20-838D-08CC8ECCB871"}},{"resourceId":"sid-E9CC9198-ED40-485A-B0BB-90D3021DCAD2","properties":{"overrideid":"","name":"","documentation":"","transitionevent":"occur"},"stencil":{"id":"Association"},"childShapes":[],"outgoing":[{"resourceId":"sid-A8A3FB52-C533-4713-85F7-A9116C3FE2AF"}],"bounds":{"lowerRight":{"x":102.77993306229429,"y":1081.6352602943382},"upperLeft":{"x":88.05066436168003,"y":1019.3141968653371}},"dockers":[{"x":15.497999999999994,"y":15.500999999999987},{"x":7,"y":11}],"target":{"resourceId":"sid-A8A3FB52-C533-4713-85F7-A9116C3FE2AF"}},{"resourceId":"sid-BD96CDCA-1372-4235-871A-6422D0476E23","properties":{"overrideid":"","name":"","documentation":"","transitionevent":"occur"},"stencil":{"id":"Association"},"childShapes":[],"outgoing":[{"resourceId":"sid-5E9A7A08-A991-425A-98B9-C10A6300327E"}],"bounds":{"lowerRight":{"x":178.02334733540673,"y":997.9136600466064},"upperLeft":{"x":98.58372116298351,"y":964.007240052491}},"dockers":[{"x":15.248999999999988,"y":15.250499999999988},{"x":8,"y":10}],"target":{"resourceId":"sid-5E9A7A08-A991-425A-98B9-C10A6300327E"}},{"resourceId":"sid-4C88EF97-6C6C-49D2-9711-084C339474D9","properties":{"overrideid":"","name":"","documentation":"","transitionevent":"complete"},"stencil":{"id":"Association"},"childShapes":[],"outgoing":[{"resourceId":"sid-F0B4E3C3-9024-4CDE-94C8-724612EF8A04"}],"bounds":{"lowerRight":{"x":1032.9602203784323,"y":1027.3788001674807},"upperLeft":{"x":1030.9980979293543,"y":983.9989786350756}},"dockers":[{"x":229.00540540540533,"y":696},{"x":8,"y":10}],"target":{"resourceId":"sid-F0B4E3C3-9024-4CDE-94C8-724612EF8A04"}},{"resourceId":"sid-21DCCD91-8E09-4088-8D36-CCD193AC31AB","properties":{"overrideid":"","name":"","documentation":"","transitionevent":"complete"},"stencil":{"id":"Association"},"childShapes":[],"outgoing":[{"resourceId":"sid-E5024C86-0B1A-4D10-B012-0058A240A478"}],"bounds":{"lowerRight":{"x":186.1768741670848,"y":675.9124692257433},"upperLeft":{"x":130.44724287284802,"y":641.3166343374138}},"dockers":[{"x":50,"y":40},{"x":7,"y":11}],"target":{"resourceId":"sid-E5024C86-0B1A-4D10-B012-0058A240A478"}},{"resourceId":"sid-82912D21-3042-43B6-A5C8-5E46D815BB5F","properties":{"overrideid":"","name":"","documentation":"","transitionevent":"complete"},"stencil":{"id":"Association"},"childShapes":[],"outgoing":[{"resourceId":"sid-71FB310D-C845-4FFA-B62E-84C8DBEFD519"}],"bounds":{"lowerRight":{"x":591.6400243496599,"y":148.75081855569252},"upperLeft":{"x":505.300677695133,"y":142.7909699390831}},"dockers":[{"x":185,"y":85},{"x":7,"y":11}],"target":{"resourceId":"sid-71FB310D-C845-4FFA-B62E-84C8DBEFD519"}},{"resourceId":"sid-2EE8F1B1-DC6A-4300-9DCF-FED0886901B6","properties":{"overrideid":"","name":"","documentation":"","transitionevent":"occur"},"stencil":{"id":"Association"},"childShapes":[],"outgoing":[{"resourceId":"sid-2C0ED4FD-9A4F-4005-8BAB-8463B1CE389A"}],"bounds":{"lowerRight":{"x":629.8937719582484,"y":110.63778825528367},"upperLeft":{"x":620.5061269393326,"y":70.31476413477029}},"dockers":[{"x":15.498000000000022,"y":15.500999999999994},{"x":7,"y":11.000000000000007}],"target":{"resourceId":"sid-2C0ED4FD-9A4F-4005-8BAB-8463B1CE389A"}},{"resourceId":"sid-58970604-0D2E-4F95-8B45-F4C1A6961C78","properties":{"overrideid":"","name":"","documentation":"","transitionevent":"complete"},"stencil":{"id":"Association"},"childShapes":[],"outgoing":[{"resourceId":"sid-AD549292-24E0-4B97-967C-538892EAAD1B"}],"bounds":{"lowerRight":{"x":284.9208032182642,"y":1418.1989228406817},"upperLeft":{"x":238.72148463455736,"y":1248.5566772087232}},"dockers":[{"x":50,"y":40},{"x":7,"y":11}],"target":{"resourceId":"sid-AD549292-24E0-4B97-967C-538892EAAD1B"}},{"resourceId":"sid-75412070-2B0A-45E7-95B7-78EFA6119541","properties":{"overrideid":"","name":"","documentation":"","transitionevent":"complete"},"stencil":{"id":"Association"},"childShapes":[],"outgoing":[{"resourceId":"sid-245614A6-DEB3-44F6-B35F-FC488E67CDE5"}],"bounds":{"lowerRight":{"x":415.33938586734973,"y":1421.1209600096838},"upperLeft":{"x":263.7172512689861,"y":1249.2209180656398}},"dockers":[{"x":50,"y":40},{"x":7,"y":11}],"target":{"resourceId":"sid-245614A6-DEB3-44F6-B35F-FC488E67CDE5"}},{"resourceId":"sid-6B13E3A6-B9C2-4F0D-BFD5-E6D488E13D4C","properties":{"overrideid":"","name":"","documentation":"","transitionevent":"complete"},"stencil":{"id":"Association"},"childShapes":[],"outgoing":[{"resourceId":"sid-7DD3EBC3-3D41-4333-9F4C-EB4501D757CF"}],"bounds":{"lowerRight":{"x":217.0142559996078,"y":1418.3249421051746},"upperLeft":{"x":171.23420333152606,"y":1248.5808125020094}},"dockers":[{"x":50,"y":40},{"x":7,"y":11}],"target":{"resourceId":"sid-7DD3EBC3-3D41-4333-9F4C-EB4501D757CF"}},{"resourceId":"sid-41003E70-6C24-4A5F-B63A-20F371525D95","properties":{"overrideid":"","name":"","documentation":"","transitionevent":"complete"},"stencil":{"id":"Association"},"childShapes":[],"outgoing":[{"resourceId":"sid-82D40113-1FB8-4552-B571-C6FA1A174139"}],"bounds":{"lowerRight":{"x":273.8492596254295,"y":1060.1654005078976},"upperLeft":{"x":165.51067256202384,"y":961.6726843544147}},"dockers":[{"x":259.5891891891892,"y":674},{"x":8,"y":10}],"target":{"resourceId":"sid-82D40113-1FB8-4552-B571-C6FA1A174139"}},{"resourceId":"sid-DB4C8151-FFE7-44B3-B4A6-A864C070C325","properties":{"overrideid":"","name":"","documentation":"","transitionevent":"complete"},"stencil":{"id":"Association"},"childShapes":[],"outgoing":[{"resourceId":"sid-D17133D4-2CB4-4E90-9043-884D3E43A06E"}],"bounds":{"lowerRight":{"x":523.3334420538567,"y":1030.4245778044221},"upperLeft":{"x":486.487839438597,"y":971.8464732231416}},"dockers":[{"x":8,"y":10},{"x":82.95540814490334,"y":672}],"target":{"resourceId":"sid-D17133D4-2CB4-4E90-9043-884D3E43A06E"}},{"resourceId":"sid-F94EFFBD-E937-4477-9720-9A36B443CBD0","properties":{"overrideid":"","name":"","documentation":"","transitionevent":"complete"},"stencil":{"id":"Association"},"childShapes":[],"outgoing":[{"resourceId":"sid-21EC1DF6-E8C5-46FE-A568-28E797CAFCC6"}],"bounds":{"lowerRight":{"x":414.3090336670806,"y":1338.0895114250382},"upperLeft":{"x":278.0899860226227,"y":1243.4482773698871}},"dockers":[{"x":50,"y":40},{"x":7,"y":11}],"target":{"resourceId":"sid-21EC1DF6-E8C5-46FE-A568-28E797CAFCC6"}},{"resourceId":"sid-00D9F8FD-9B1B-43F8-99B2-DD94D9CDD585","properties":{"overrideid":"","name":"","documentation":"","transitionevent":"complete"},"stencil":{"id":"Association"},"childShapes":[],"outgoing":[{"resourceId":"sid-6C277141-8566-4CA5-A0CD-F604D66F6066"}],"bounds":{"lowerRight":{"x":572.9980439072725,"y":1309.4416142174493},"upperLeft":{"x":278.2267202485515,"y":1223.2589201095204}},"dockers":[{"x":50,"y":40},{"x":8,"y":10}],"target":{"resourceId":"sid-6C277141-8566-4CA5-A0CD-F604D66F6066"}},{"resourceId":"sid-8F16B603-9169-47A3-BDF7-D332630CEAE4","properties":{"overrideid":"","name":"","documentation":"","transitionevent":"complete"},"stencil":{"id":"Association"},"childShapes":[],"outgoing":[{"resourceId":"sid-4E943F47-B912-4322-AB43-B6142F304DD2"}],"bounds":{"lowerRight":{"x":573.9817738384928,"y":1403.3664848121593},"upperLeft":{"x":278.168075334397,"y":1236.8613683531507}},"dockers":[{"x":50,"y":40},{"x":8,"y":10}],"target":{"resourceId":"sid-4E943F47-B912-4322-AB43-B6142F304DD2"}},{"resourceId":"sid-C47FC14F-CFDD-4DDC-BA30-74806DCC4201","properties":{"overrideid":"","name":"","documentation":"","transitionevent":"complete"},"stencil":{"id":"Association"},"childShapes":[],"outgoing":[{"resourceId":"sid-04EAE31E-44D4-44F2-AE2B-FA8B19AEFF78"}],"bounds":{"lowerRight":{"x":851.9869193611909,"y":1344.069181199109},"upperLeft":{"x":278.0682010678287,"y":1219.4335220556513}},"dockers":[{"x":50,"y":40},{"x":7,"y":11}],"target":{"resourceId":"sid-04EAE31E-44D4-44F2-AE2B-FA8B19AEFF78"}},{"resourceId":"sid-8F0D0706-4447-4B45-B193-448A1AF18089","properties":{"overrideid":"","name":"","documentation":"","transitionevent":"complete"},"stencil":{"id":"Association"},"childShapes":[],"outgoing":[{"resourceId":"sid-B47B914F-9229-4D8B-A112-54C9A763627E"}],"bounds":{"lowerRight":{"x":1178.7019234326717,"y":1237.5349537565812},"upperLeft":{"x":278.4244350633592,"y":1210.0650975680248}},"dockers":[{"x":50,"y":40},{"x":7,"y":11}],"target":{"resourceId":"sid-B47B914F-9229-4D8B-A112-54C9A763627E"}},{"resourceId":"sid-C1CB1C72-4C62-40B3-A4AE-591847E0807B","properties":{"overrideid":"","name":"","documentation":"","transitionevent":"complete"},"stencil":{"id":"Association"},"childShapes":[],"outgoing":[{"resourceId":"sid-9BA3DAA1-25AF-43EB-B2AF-846CA05B9146"}],"bounds":{"lowerRight":{"x":1135.9930220648805,"y":1345.0680009965306},"upperLeft":{"x":277.97542815167304,"y":1216.0622454765773}},"dockers":[{"x":50,"y":40},{"x":7,"y":11}],"target":{"resourceId":"sid-9BA3DAA1-25AF-43EB-B2AF-846CA05B9146"}},{"resourceId":"sid-A8A57534-1646-4992-B0C2-F9BCB0411E71","properties":{"overrideid":"","name":"","documentation":"","transitionevent":"complete"},"stencil":{"id":"Association"},"childShapes":[],"outgoing":[{"resourceId":"sid-55D931DC-1849-4FC0-8CB7-47244E296655"}],"bounds":{"lowerRight":{"x":1280.0481848934128,"y":1237.1870502872134},"upperLeft":{"x":278.4791495365291,"y":1209.9011326415218}},"dockers":[{"x":50,"y":40},{"x":7,"y":11}],"target":{"resourceId":"sid-55D931DC-1849-4FC0-8CB7-47244E296655"}},{"resourceId":"sid-3BC2BA70-B78C-42AE-B4B6-5EE440407781","properties":{"overrideid":"","name":"","documentation":"","transitionevent":"complete"},"stencil":{"id":"Association"},"childShapes":[],"outgoing":[{"resourceId":"sid-35CF1D4D-B5AA-40D2-B0A9-C75753256CB7"}],"bounds":{"lowerRight":{"x":1303.0273935457865,"y":1345.2043477971538},"upperLeft":{"x":278.49750516119974,"y":1214.963432438654}},"dockers":[{"x":50,"y":40},{"x":7,"y":11}],"target":{"resourceId":"sid-35CF1D4D-B5AA-40D2-B0A9-C75753256CB7"}},{"resourceId":"sid-79A6AE36-9927-4B10-BB3C-63D0609C9D96","properties":{"overrideid":"","name":"","documentation":"","transitionevent":"complete"},"stencil":{"id":"Association"},"childShapes":[],"outgoing":[{"resourceId":"sid-7CC42202-0B58-4AC9-9FD0-0757630EEA12"}],"bounds":{"lowerRight":{"x":757.2040584942599,"y":1372.44304516842},"upperLeft":{"x":277.9374142435277,"y":1224.0401155742784}},"dockers":[{"x":50,"y":40},{"x":8,"y":10}],"target":{"resourceId":"sid-7CC42202-0B58-4AC9-9FD0-0757630EEA12"}},{"resourceId":"sid-E15E967D-3EFF-4944-B1D1-3CE8426CAC09","properties":{"overrideid":"","name":"","documentation":"","transitionevent":"complete"},"stencil":{"id":"Association"},"childShapes":[],"outgoing":[{"resourceId":"sid-DAE659AB-333E-40FF-94B3-E135A4D54782"}],"bounds":{"lowerRight":{"x":985.3457846209922,"y":1378.2676649548932},"upperLeft":{"x":278.06705483550536,"y":1219.7806870915776}},"dockers":[{"x":50,"y":40},{"x":7,"y":11}],"target":{"resourceId":"sid-DAE659AB-333E-40FF-94B3-E135A4D54782"}},{"resourceId":"sid-38E968B9-CED9-48C7-BA1F-9A931FCF21A7","properties":{"overrideid":"","name":"","documentation":"","transitionevent":"complete"},"stencil":{"id":"Association"},"childShapes":[],"outgoing":[{"resourceId":"sid-F1A09F91-1022-47B1-842E-3A38BE1BD2D2"}],"bounds":{"lowerRight":{"x":194.5944125163522,"y":1414.0678238045184},"upperLeft":{"x":58.0513827482736,"y":1248.747205664279}},"dockers":[{"x":50,"y":40},{"x":7,"y":11}],"target":{"resourceId":"sid-F1A09F91-1022-47B1-842E-3A38BE1BD2D2"}},{"resourceId":"sid-D4DE6580-D1DB-4DED-B88D-3A33A9B691A1","properties":{"overrideid":"","name":"","documentation":"","transitionevent":"complete"},"stencil":{"id":"Association"},"childShapes":[],"outgoing":[{"resourceId":"sid-C54C0D9B-5BFD-46C5-80CF-833C8803FE22"}],"bounds":{"lowerRight":{"x":177.61536291617477,"y":1322.0267830728765},"upperLeft":{"x":60.23001796987222,"y":1242.5229550049946}},"dockers":[{"x":50,"y":40},{"x":7,"y":11}],"target":{"resourceId":"sid-C54C0D9B-5BFD-46C5-80CF-833C8803FE22"}},{"resourceId":"sid-62FC4CF0-C882-44FB-9436-B7DBD6B168D2","properties":{"overrideid":"","name":"","documentation":"","transitionevent":"occur"},"stencil":{"id":"Association"},"childShapes":[],"outgoing":[{"resourceId":"sid-AD5EE807-CA8D-4591-BF8A-07308723C571"}],"bounds":{"lowerRight":{"x":169.82664221424156,"y":1213.1155701165594},"upperLeft":{"x":100.00681294211319,"y":1211.8151340951888}},"dockers":[{"x":15.497999999999994,"y":15.500999999999987},{"x":7,"y":11}],"target":{"resourceId":"sid-AD5EE807-CA8D-4591-BF8A-07308723C571"}},{"resourceId":"sid-E50550EB-F416-477F-A463-4F182A9C4675","properties":{"overrideid":"","name":"","documentation":"","transitionevent":"occur"},"stencil":{"id":"Association"},"childShapes":[],"outgoing":[{"resourceId":"sid-0F78F160-A4AD-4783-BEF5-A8B03B00FA77"}],"bounds":{"lowerRight":{"x":2738.5546896036285,"y":484.4238812899625},"upperLeft":{"x":2598.14145393776,"y":473.4242650136942}},"dockers":[{"x":15.498000000000022,"y":15.500999999999987},{"x":7,"y":11}],"target":{"resourceId":"sid-0F78F160-A4AD-4783-BEF5-A8B03B00FA77"}}],"stencil":{"id":"CMMNDiagram"},"stencilset":{"namespace":"http://b3mn.org/stencilset/cmmn1.1#","url":"../editor/stencilsets/cmmn1.1/cmmn1.1.json"}}}