{"id":"507e3ea4-9edb-11ec-ab2f-0242ac1c0003","name":"Combined Development","key":"CombinedDevelopment","description":"","editorJson":{"modelId":"507e3ea4-9edb-11ec-ab2f-0242ac1c0003","bounds":{"lowerRight":{"x":2922.468080222628,"y":1690.3010813269068},"upperLeft":{"x":0,"y":0}},"properties":{"case_id":"CombinedDevelopment","name":"Combined Development","documentation":"","case_initiatorvariablename":"","case_author":"","case_version":"","case_namespace":"http://www.flowable.org/casedef","eventkey":"","eventname":"","eventoutparameters":"","eventcorrelationparameters":"","channelkey":"","channelname":"","channeltype":"","channeldestination":"","keydetectionfixedvalue":"","keydetectionjsonfield":"","keydetectionjsonpointer":""},"childShapes":[{"resourceId":"casePlanModel","properties":{"overrideid":"taskb19","name":"Combined Development","documentation":"","formkeydefinition":"","formreference":{"id":"e9007dfd-9edc-11ec-ab2f-0242ac1c0003","name":"Material Description Combined Development","key":"StartFormCombinedDev"},"formfieldvalidation":true,"autocompleteenabled":"","autocompletecondition":""},"stencil":{"id":"CasePlanModel"},"childShapes":[{"resourceId":"sid-D17133D4-2CB4-4E90-9043-884D3E43A06E","properties":{"overrideid":"","name":"Biomechanical Characterization","documentation":"","autocompleteenabled":"","autocompletecondition":"","requiredenabled":"","requiredrulecondition":"","repetitionenabled":"","repetitionrulecondition":"","repetitioncountervariablename":"","repetition_variableaggregations":"","manualactivationenabled":"","manualactivationrulecondition":"","completionneutralenabled":"","completionneutralrulecondition":"","planitemlifecyclelisteners":"","displayorder":"","includeinstageoverview":true},"stencil":{"id":"Stage"},"childShapes":[{"resourceId":"sid-A7574376-05A1-4977-8687-729018D391B1","properties":{"overrideid":"","name":"Test biomaterial failure","documentation":"","isblocking":true,"isblockingexpression":"","usertaskassignment":{"assignment":{"type":"idm","idm":{"type":"initiator"}}},"formkeydefinition":"","formreference":{"id":"f4bc614b-e615-11eb-8d59-0242ac1b0003","name":"Form_BiomaterialFailure","key":"Form_BiomaterialFailure"},"formfieldvalidation":true,"duedatedefinition":"","prioritydefinition":"","tasklisteners":"","isasync":"","isexclusive":"","requiredenabled":"","requiredrulecondition":"","repetitionenabled":"","repetitionrulecondition":"","repetitioncountervariablename":"","repetition_variableaggregations":"","manualactivationenabled":"","manualactivationrulecondition":"","completionneutralenabled":"","completionneutralrulecondition":"","planitemlifecyclelisteners":"","taskidvariablename":""},"stencil":{"id":"HumanTask"},"childShapes":[],"outgoing":[],"bounds":{"lowerRight":{"x":147,"y":235},"upperLeft":{"x":47,"y":155}},"dockers":[]},{"resourceId":"sid-AA8F585F-B69F-4AAE-A86D-8CB3A5857680","properties":{"overrideid":"","name":"Test disc height restoration","documentation":"","isblocking":true,"isblockingexpression":"","usertaskassignment":{"assignment":{"type":"idm","idm":{"type":"initiator"}}},"formkeydefinition":"","formreference":{"id":"5a72486d-e616-11eb-8d59-0242ac1b0003","name":"Form_DiscHeightRestoration","key":"Form_DiscHeightRestoration"},"formfieldvalidation":true,"duedatedefinition":"","prioritydefinition":"","tasklisteners":"","isasync":"","isexclusive":"","requiredenabled":"","requiredrulecondition":"","repetitionenabled":"","repetitionrulecondition":"","repetitioncountervariablename":"","repetition_variableaggregations":"","manualactivationenabled":"","manualactivationrulecondition":"","completionneutralenabled":"","completionneutralrulecondition":"","planitemlifecyclelisteners":"","taskidvariablename":""},"stencil":{"id":"HumanTask"},"childShapes":[],"outgoing":[],"bounds":{"lowerRight":{"x":278.99502184921687,"y":235},"upperLeft":{"x":178.99502184921687,"y":155}},"dockers":[]},{"resourceId":"sid-C03AA072-A762-4A17-A50B-2302F0017BAB","properties":{"overrideid":"","name":"Test behavior under dynamic/diurnal loading","documentation":"","isblocking":true,"isblockingexpression":"","usertaskassignment":{"assignment":{"type":"idm","idm":{"type":"initiator"}}},"formkeydefinition":"","formreference":{"id":"313d6c9c-e616-11eb-8d59-0242ac1b0003","name":"Form_BehaviourUnderLoading","key":"Form_BehaviourUnderLoading"},"formfieldvalidation":true,"duedatedefinition":"","prioritydefinition":"","tasklisteners":"","isasync":"","isexclusive":"","requiredenabled":"","requiredrulecondition":"","repetitionenabled":"","repetitionrulecondition":"","repetitioncountervariablename":"","repetition_variableaggregations":"","manualactivationenabled":"","manualactivationrulecondition":"","completionneutralenabled":"","completionneutralrulecondition":"","planitemlifecyclelisteners":"","taskidvariablename":""},"stencil":{"id":"HumanTask"},"childShapes":[],"outgoing":[],"bounds":{"lowerRight":{"x":275.9182644435733,"y":130},"upperLeft":{"x":175.91826444357332,"y":50}},"dockers":[]},{"resourceId":"sid-4EBF37BA-8652-44D6-9E67-6E00090D3630","properties":{"overrideid":"","name":"Test range of motion","documentation":"","isblocking":true,"isblockingexpression":"","usertaskassignment":{"assignment":{"type":"idm","idm":{"type":"initiator"}}},"formkeydefinition":"","formreference":{"id":"bf2a15ea-e615-11eb-8d59-0242ac1b0003","name":"Form_RangeofMotion","key":"Form_RangeofMotion"},"formfieldvalidation":true,"duedatedefinition":"","prioritydefinition":"","tasklisteners":"","isasync":"","isexclusive":"","requiredenabled":"","requiredrulecondition":"","repetitionenabled":"","repetitionrulecondition":"","repetitioncountervariablename":"","repetition_variableaggregations":"","manualactivationenabled":"","manualactivationrulecondition":"","completionneutralenabled":"","completionneutralrulecondition":"","planitemlifecyclelisteners":"","taskidvariablename":""},"stencil":{"id":"HumanTask"},"childShapes":[],"outgoing":[],"bounds":{"lowerRight":{"x":147,"y":120.99999769032001},"upperLeft":{"x":47,"y":40.999997690320015}},"dockers":[]}],"outgoing":[{"resourceId":"sid-88748978-4537-4D09-B55C-658C7C7F7A93"},{"resourceId":"sid-AA09855D-5DE7-4264-9773-8F64289D1BEC"},{"resourceId":"sid-6DEFDE76-17C5-410A-B143-C1EDB3FF9560"}],"bounds":{"lowerRight":{"x":736.6250110175461,"y":971},"upperLeft":{"x":403,"y":299}},"dockers":[]},{"resourceId":"sid-70423EF5-6BA4-458E-BB2D-595748B16EE4","properties":{"overrideid":"","name":"Safety & Biocompatibility","documentation":"","autocompleteenabled":"","autocompletecondition":"","requiredenabled":"","requiredrulecondition":"","repetitionenabled":"","repetitionrulecondition":"","repetitioncountervariablename":"","repetition_variableaggregations":"","manualactivationenabled":"","manualactivationrulecondition":"","completionneutralenabled":"","completionneutralrulecondition":"","planitemlifecyclelisteners":"","displayorder":"","includeinstageoverview":true},"stencil":{"id":"Stage"},"childShapes":[{"resourceId":"sid-1A658FB9-43F9-47F2-94DD-8C6C012CB9A6","properties":{"overrideid":"","name":"Test tissue compatibility","documentation":"","isblocking":true,"isblockingexpression":"","usertaskassignment":{"assignment":{"type":"idm","idm":{"type":"initiator"}}},"formkeydefinition":"","formreference":{"id":"eed66961-e616-11eb-8d59-0242ac1b0003","name":"Form_TissueCompatibility","key":"Form_TissueCompatibility"},"formfieldvalidation":true,"duedatedefinition":"","prioritydefinition":"","tasklisteners":"","isasync":"","isexclusive":"","requiredenabled":"","requiredrulecondition":"","repetitionenabled":"","repetitionrulecondition":"","repetitioncountervariablename":"","repetition_variableaggregations":"","manualactivationenabled":"","manualactivationrulecondition":"","completionneutralenabled":"","completionneutralrulecondition":"","planitemlifecyclelisteners":"","taskidvariablename":""},"stencil":{"id":"HumanTask"},"childShapes":[],"outgoing":[],"bounds":{"lowerRight":{"x":151.36719798494585,"y":247},"upperLeft":{"x":51.36719798494585,"y":167}},"dockers":[]},{"resourceId":"sid-F2AA0F1E-BFF0-4962-950F-639D976FCCCC","properties":{"overrideid":"","name":"Test blood compatibility","documentation":"","isblocking":true,"isblockingexpression":"","usertaskassignment":{"assignment":{"type":"idm","idm":{"type":"initiator"}}},"formkeydefinition":"","formreference":{"id":"cbf54600-e616-11eb-8d59-0242ac1b0003","name":"Form_BloodCompatibility","key":"Form_BloodCompatibility"},"formfieldvalidation":true,"duedatedefinition":"","prioritydefinition":"","tasklisteners":"","isasync":"","isexclusive":"","requiredenabled":"","requiredrulecondition":"","repetitionenabled":"","repetitionrulecondition":"","repetitioncountervariablename":"","repetition_variableaggregations":"","manualactivationenabled":"","manualactivationrulecondition":"","completionneutralenabled":"","completionneutralrulecondition":"","planitemlifecyclelisteners":"","taskidvariablename":""},"stencil":{"id":"HumanTask"},"childShapes":[],"outgoing":[],"bounds":{"lowerRight":{"x":280,"y":247},"upperLeft":{"x":180,"y":167}},"dockers":[]},{"resourceId":"sid-C8ABA2D8-40A5-49FA-824E-D11B77DDC7DB","properties":{"overrideid":"","name":"In Vivo Study Design","documentation":"","isblocking":true,"isblockingexpression":"","usertaskassignment":{"assignment":{"type":"idm","idm":{"type":"initiator"}}},"formkeydefinition":"","formreference":{"id":"50c7525b-e0e3-11eb-8d59-0242ac1b0003","name":"Form_Safety","key":"Form_Safety"},"formfieldvalidation":true,"duedatedefinition":"","prioritydefinition":"","tasklisteners":"","isasync":"","isexclusive":"","requiredenabled":"","requiredrulecondition":"","repetitionenabled":"","repetitionrulecondition":"","repetitioncountervariablename":"","repetition_variableaggregations":"","manualactivationenabled":"","manualactivationrulecondition":"","completionneutralenabled":"","completionneutralrulecondition":"","planitemlifecyclelisteners":"","taskidvariablename":""},"stencil":{"id":"HumanTask"},"childShapes":[],"outgoing":[],"bounds":{"lowerRight":{"x":280,"y":352},"upperLeft":{"x":180,"y":272}},"dockers":[]},{"resourceId":"sid-7FD84368-6CAB-4A7C-BE6B-E6D9B00C0EF2","properties":{"overrideid":"","name":"Test cell compatibility","documentation":"","isblocking":true,"isblockingexpression":"","usertaskassignment":{"assignment":{"type":"idm","idm":{"type":"initiator"}}},"formkeydefinition":"","formreference":{"id":"a80598cf-e616-11eb-8d59-0242ac1b0003","name":"Form_CellCompatibility","key":"Form_CellCompatibility"},"formfieldvalidation":true,"duedatedefinition":"","prioritydefinition":"","tasklisteners":"","isasync":"","isexclusive":"","requiredenabled":"","requiredrulecondition":"","repetitionenabled":"","repetitionrulecondition":"","repetitioncountervariablename":"","repetition_variableaggregations":"","manualactivationenabled":"","manualactivationrulecondition":"","completionneutralenabled":"","completionneutralrulecondition":"","planitemlifecyclelisteners":"","taskidvariablename":""},"stencil":{"id":"HumanTask"},"childShapes":[],"outgoing":[],"bounds":{"lowerRight":{"x":265,"y":142},"upperLeft":{"x":165,"y":62}},"dockers":[]},{"resourceId":"sid-3EF2C76B-80BD-4CD0-BF41-FA67ACC6B192","properties":{"overrideid":"","name":"Test biodegradation","documentation":"","isblocking":true,"isblockingexpression":"","usertaskassignment":{"assignment":{"type":"idm","idm":{"type":"initiator"}}},"formkeydefinition":"","formreference":{"id":"851a634e-e616-11eb-8d59-0242ac1b0003","name":"Form_Biodegradation","key":"Form_Biodegradation"},"formfieldvalidation":true,"duedatedefinition":"","prioritydefinition":"","tasklisteners":"","isasync":"","isexclusive":"","requiredenabled":"","requiredrulecondition":"","repetitionenabled":"","repetitionrulecondition":"","repetitioncountervariablename":"","repetition_variableaggregations":"","manualactivationenabled":"","manualactivationrulecondition":"","completionneutralenabled":"","completionneutralrulecondition":"","planitemlifecyclelisteners":"","taskidvariablename":""},"stencil":{"id":"HumanTask"},"childShapes":[],"outgoing":[],"bounds":{"lowerRight":{"x":142.36719798494585,"y":132.99999769032001},"upperLeft":{"x":42.36719798494585,"y":52.999997690320015}},"dockers":[]},{"resourceId":"sid-555B0226-18FE-49C6-947D-34F98AF5EC99","properties":{"overrideid":"","name":"Test immunological compatibility","documentation":"","isblocking":true,"isblockingexpression":"","usertaskassignment":{"assignment":{"type":"idm","idm":{"type":"initiator"}}},"formkeydefinition":"","formreference":{"id":"190b2902-e617-11eb-8d59-0242ac1b0003","name":"Form_ImmunologicalCompatibility","key":"Form_ImmunologicalCompatibility"},"formfieldvalidation":true,"duedatedefinition":"","prioritydefinition":"","tasklisteners":"","isasync":"","isexclusive":"","requiredenabled":"","requiredrulecondition":"","repetitionenabled":"","repetitionrulecondition":"","repetitioncountervariablename":"","repetition_variableaggregations":"","manualactivationenabled":"","manualactivationrulecondition":"","completionneutralenabled":"","completionneutralrulecondition":"","planitemlifecyclelisteners":"","taskidvariablename":"","type":"http://b3mn.org/stencilset/cmmn1.1#Task"},"stencil":{"id":"HumanTask"},"childShapes":[],"outgoing":[],"bounds":{"lowerRight":{"x":145,"y":352},"upperLeft":{"x":45,"y":272}},"dockers":[]}],"outgoing":[{"resourceId":"sid-8A7A1AC0-78B9-4710-90FB-2AC0FED8E437"},{"resourceId":"sid-1BDE9E48-8075-4927-B9D7-C64F85D3228C"},{"resourceId":"sid-2445E8E5-E067-4000-9C9A-BA0A905285FC"},{"resourceId":"sid-4C88EF97-6C6C-49D2-9711-084C339474D9"}],"bounds":{"lowerRight":{"x":1111,"y":983},"upperLeft":{"x":804,"y":287}},"dockers":[]},{"resourceId":"sid-657BEE15-8FC3-4B96-A67F-B6CF5734E92A","properties":{"overrideid":"","name":"Physiological & Biochemical Characterization Achieved","documentation":"","requiredenabled":"","requiredrulecondition":"","repetitionenabled":"","repetitionrulecondition":"","repetitioncountervariablename":"","repetition_variableaggregations":"","completionneutralenabled":"","completionneutralrulecondition":"","planitemlifecyclelisteners":"","milestonevariable":""},"stencil":{"id":"Milestone"},"childShapes":[],"outgoing":[{"resourceId":"sid-8B9A8D16-D685-44BC-BAA5-0CB71DDF44DA"},{"resourceId":"sid-950D2D9C-D33B-4904-8149-208721D3FA75"},{"resourceId":"sid-A8A3FB52-C533-4713-85F7-A9116C3FE2AF"},{"resourceId":"sid-82D40113-1FB8-4552-B571-C6FA1A174139"}],"bounds":{"lowerRight":{"x":251.25601290360547,"y":1119},"upperLeft":{"x":105.25601290360547,"y":1065}},"dockers":[]},{"resourceId":"sid-88748978-4537-4D09-B55C-658C7C7F7A93","properties":{"overrideid":"","name":"","documentation":"","ifpartcondition":"","triggermode":""},"stencil":{"id":"EntryCriterion"},"childShapes":[],"outgoing":[],"bounds":{"lowerRight":{"x":409.15981821297254,"y":580.3525276976408},"upperLeft":{"x":395.15981821297254,"y":558.3525276976408}},"dockers":[{"x":3.3671875,"y":272}]},{"resourceId":"sid-68C716A8-FFFB-4E3E-99A0-0E29B4EE2714","properties":{"overrideid":"","name":"Biomechanical Characterization Achieved","documentation":"","requiredenabled":"","requiredrulecondition":"","repetitionenabled":"","repetitionrulecondition":"","repetitioncountervariablename":"","repetition_variableaggregations":"","completionneutralenabled":"","completionneutralrulecondition":"","planitemlifecyclelisteners":"","milestonevariable":""},"stencil":{"id":"Milestone"},"childShapes":[],"outgoing":[{"resourceId":"sid-49071B48-4C5E-44B7-88A7-CB0140955619"},{"resourceId":"sid-DA2257DF-32B6-4200-8806-D6DE22FB0A47"}],"bounds":{"lowerRight":{"x":648.3671979849458,"y":1091.644778011052},"upperLeft":{"x":502.36719798494585,"y":1037.644778011052}},"dockers":[]},{"resourceId":"sid-DA2257DF-32B6-4200-8806-D6DE22FB0A47","properties":{"overrideid":"","name":"","documentation":"","ifpartcondition":"","triggermode":""},"stencil":{"id":"EntryCriterion"},"childShapes":[],"outgoing":[{"resourceId":"sid-DB4C8151-FFE7-44B3-B4A6-A864C070C325"}],"bounds":{"lowerRight":{"x":533.0786246359102,"y":1048.3787672163403},"upperLeft":{"x":519.0786246359102,"y":1026.3787672163403}},"dockers":[{"x":25.999989515054153,"y":1.000002309679985}]},{"resourceId":"sid-AA09855D-5DE7-4264-9773-8F64289D1BEC","properties":{"overrideid":"","name":"","documentation":"","ifpartcondition":"","triggermode":""},"stencil":{"id":"EntryCriterion"},"childShapes":[],"outgoing":[],"bounds":{"lowerRight":{"x":409.56036963038787,"y":863.6526368240229},"upperLeft":{"x":395.56036963038787,"y":841.6526368240229}},"dockers":[{"x":2.3671875,"y":550}]},{"resourceId":"sid-8A7A1AC0-78B9-4710-90FB-2AC0FED8E437","properties":{"overrideid":"","name":"","documentation":"","ifpartcondition":"","triggermode":""},"stencil":{"id":"EntryCriterion"},"childShapes":[],"outgoing":[],"bounds":{"lowerRight":{"x":810.5814015394756,"y":712.6390560020589},"upperLeft":{"x":796.5814015394756,"y":690.6390560020589}},"dockers":[{"x":3.3671875,"y":413}]},{"resourceId":"sid-96A17761-D48C-40F3-AD8F-8082F0E6B2EF","properties":{"overrideid":"","name":"Safety & Biocompatibility Achieved","documentation":"","requiredenabled":"","requiredrulecondition":"","repetitionenabled":"","repetitionrulecondition":"","repetitioncountervariablename":"","repetition_variableaggregations":"","completionneutralenabled":"","completionneutralrulecondition":"","planitemlifecyclelisteners":"","milestonevariable":""},"stencil":{"id":"Milestone"},"childShapes":[],"outgoing":[{"resourceId":"sid-A1BED77A-195A-4583-B9D3-84DDE718233B"},{"resourceId":"sid-F0B4E3C3-9024-4CDE-94C8-724612EF8A04"}],"bounds":{"lowerRight":{"x":1107,"y":1091.644778011052},"upperLeft":{"x":961,"y":1037.644778011052}},"dockers":[]},{"resourceId":"sid-82D40113-1FB8-4552-B571-C6FA1A174139","properties":{"overrideid":"","name":"","documentation":"","ifpartcondition":"","triggermode":""},"stencil":{"id":"EntryCriterion"},"childShapes":[],"outgoing":[],"bounds":{"lowerRight":{"x":167.68347744269607,"y":1075.644778011052},"upperLeft":{"x":153.68347744269607,"y":1053.644778011052}},"dockers":[{"x":57.796879773843216,"y":3.333254262804985}]},{"resourceId":"sid-6DEFDE76-17C5-410A-B143-C1EDB3FF9560","properties":{"overrideid":"","name":"","documentation":"","ifpartcondition":"","triggermode":""},"stencil":{"id":"ExitCriterion"},"childShapes":[],"outgoing":[],"bounds":{"lowerRight":{"x":621.9580141073639,"y":982.5507034105001},"upperLeft":{"x":607.9580141073639,"y":960.5507034105001}},"dockers":[{"x":211.75,"y":671}]},{"resourceId":"sid-1BDE9E48-8075-4927-B9D7-C64F85D3228C","properties":{"overrideid":"","name":"","documentation":"","ifpartcondition":"","triggermode":""},"stencil":{"id":"ExitCriterion"},"childShapes":[],"outgoing":[],"bounds":{"lowerRight":{"x":980.8226483877733,"y":994.5513224958393},"upperLeft":{"x":966.8226483877733,"y":972.5513224958393}},"dockers":[{"x":169.75,"y":695}]},{"resourceId":"sid-8B8CF30B-040A-4B77-B423-B862FA97A630","properties":{"overrideid":"","name":"Physiological & Biochemical Characterization Completed","documentation":"","completionneutralenabled":"","completionneutralrulecondition":"","requiredenabled":"","requiredrulecondition":"","repetitionenabled":"","repetitionrulecondition":"","repetitioncountervariablename":"","repetition_variableaggregations":"","planitemlifecyclelisteners":"","availablecondition":"","type":"http://b3mn.org/stencilset/cmmn1.1#EventListener","eventkey":"","eventname":"","eventoutparameters":"","eventcorrelationparameters":"","channelkey":"","channelname":"","channeltype":"","channeldestination":"","keydetectionfixedvalue":"","keydetectionjsonfield":"","keydetectionjsonpointer":""},"stencil":{"id":"UserEventListener"},"childShapes":[],"outgoing":[{"resourceId":"sid-E9CC9198-ED40-485A-B0BB-90D3021DCAD2"},{"resourceId":"sid-BD96CDCA-1372-4235-871A-6422D0476E23"}],"bounds":{"lowerRight":{"x":99.49799999999999,"y":1019.2825055080478},"upperLeft":{"x":69,"y":988.7815055080479}},"dockers":[{"x":84.249,"y":1004.0320055080479}]},{"resourceId":"sid-57FB1633-83EA-4D22-839F-B046DA4A1D1D","properties":{"overrideid":"","name":"Physiological & Biochemical Characterization","documentation":"","autocompleteenabled":"","autocompletecondition":"","requiredenabled":"","requiredrulecondition":"","repetitionenabled":"","repetitionrulecondition":"","repetitioncountervariablename":"","repetition_variableaggregations":"","manualactivationenabled":"","manualactivationrulecondition":"","completionneutralenabled":"","completionneutralrulecondition":"","planitemlifecyclelisteners":"","displayorder":"","includeinstageoverview":true},"stencil":{"id":"Stage"},"childShapes":[{"resourceId":"sid-FF068F65-66E0-42DE-8EEE-7276814C0AFB","properties":{"overrideid":"","name":"Test rheological properties","documentation":"","isblocking":true,"isblockingexpression":"","usertaskassignment":{"assignment":{"type":"idm","idm":{"type":"initiator"}}},"formkeydefinition":"","formreference":{"id":"1094d479-d91d-11eb-9159-0242ac1f0003","name":"Form_StressRelaxationBehavior","key":"Form_StressRelaxationBehavior"},"formfieldvalidation":true,"duedatedefinition":"","prioritydefinition":"","tasklisteners":"","isasync":"","isexclusive":"","requiredenabled":"","requiredrulecondition":"","repetitionenabled":"","repetitionrulecondition":"","repetitioncountervariablename":"","repetition_variableaggregations":"","manualactivationenabled":"","manualactivationrulecondition":"","completionneutralenabled":"","completionneutralrulecondition":"","planitemlifecyclelisteners":"","taskidvariablename":""},"stencil":{"id":"HumanTask"},"childShapes":[],"outgoing":[],"bounds":{"lowerRight":{"x":280,"y":232.1209143859017},"upperLeft":{"x":180,"y":152.1209143859017}},"dockers":[]},{"resourceId":"sid-AC557BDF-4143-4AF5-8C40-610C43A8BD85","properties":{"overrideid":"","name":"Test injectability/Viability","documentation":"","isblocking":true,"isblockingexpression":"","usertaskassignment":{"assignment":{"type":"idm","idm":{"type":"initiator"}}},"formkeydefinition":"","formreference":{"id":"43816b20-d8e4-11eb-9159-0242ac1f0003","name":"Form_InjectabilityViability","key":"Form_InjectabilityViability"},"formfieldvalidation":true,"duedatedefinition":"","prioritydefinition":"","tasklisteners":"","isasync":"","isexclusive":"","requiredenabled":"","requiredrulecondition":"","repetitionenabled":"","repetitionrulecondition":"","repetitioncountervariablename":"","repetition_variableaggregations":"","manualactivationenabled":"","manualactivationrulecondition":"","completionneutralenabled":"","completionneutralrulecondition":"","planitemlifecyclelisteners":"","taskidvariablename":""},"stencil":{"id":"HumanTask"},"childShapes":[],"outgoing":[{"resourceId":"sid-9648E04E-CF17-4EC9-A334-353943F2BE7C"},{"resourceId":"sid-5BEA15F7-C536-4975-B23E-4656AAA0F23B"}],"bounds":{"lowerRight":{"x":276.62501101754594,"y":425},"upperLeft":{"x":176.62501101754594,"y":345}},"dockers":[]},{"resourceId":"sid-85BE7EA9-780B-4D41-8E29-D0C37FFC93D4","properties":{"overrideid":"","name":"Test crystallinity (O)","documentation":"","isblocking":true,"isblockingexpression":"","usertaskassignment":{"assignment":{"type":"idm","idm":{"type":"initiator"}}},"formkeydefinition":"","formreference":{"id":"593c4e2b-d91f-11eb-9159-0242ac1f0003","name":"Form_Crystallinity","key":"Form_Crystallinity"},"formfieldvalidation":true,"duedatedefinition":"","prioritydefinition":"","tasklisteners":"","isasync":"","isexclusive":"","requiredenabled":"","requiredrulecondition":"","repetitionenabled":"","repetitionrulecondition":"","repetitioncountervariablename":"","repetition_variableaggregations":"","manualactivationenabled":"","manualactivationrulecondition":"","completionneutralenabled":"","completionneutralrulecondition":"","planitemlifecyclelisteners":"","taskidvariablename":""},"stencil":{"id":"HumanTask"},"childShapes":[],"outgoing":[],"bounds":{"lowerRight":{"x":276.62501101754594,"y":537.0000014901161},"upperLeft":{"x":176.62501101754594,"y":457.0000014901161}},"dockers":[]},{"resourceId":"sid-E1177795-B6F2-415D-9777-E0C58883894E","properties":{"overrideid":"","name":"Test porosity","documentation":"","isblocking":true,"isblockingexpression":"","usertaskassignment":{"assignment":{"type":"idm","idm":{"type":"initiator"}}},"formkeydefinition":"","formreference":{"id":"94d20f1c-d91f-11eb-9159-0242ac1f0003","name":"Form_Porosity","key":"Form_Porosity"},"formfieldvalidation":true,"duedatedefinition":"","prioritydefinition":"","tasklisteners":"","isasync":"","isexclusive":"","requiredenabled":"","requiredrulecondition":"","repetitionenabled":"","repetitionrulecondition":"","repetitioncountervariablename":"","repetition_variableaggregations":"","manualactivationenabled":"","manualactivationrulecondition":"","completionneutralenabled":"","completionneutralrulecondition":"","planitemlifecyclelisteners":"","taskidvariablename":""},"stencil":{"id":"HumanTask"},"childShapes":[],"outgoing":[],"bounds":{"lowerRight":{"x":280,"y":635},"upperLeft":{"x":180,"y":555}},"dockers":[]},{"resourceId":"sid-DBFA072F-B8BB-444D-AB55-E0F0FAB4B054","properties":{"overrideid":"","name":"Test viscosity (O)","documentation":"","isblocking":true,"isblockingexpression":"","usertaskassignment":{"assignment":{"type":"idm","idm":{"type":"initiator"}}},"formkeydefinition":"","formreference":{"id":"4b72faa7-d91c-11eb-9159-0242ac1f0003","name":"Form_ViscosityStiffness","key":"Form_ViscosityStiffness"},"formfieldvalidation":true,"duedatedefinition":"","prioritydefinition":"","tasklisteners":"","isasync":"","isexclusive":"","requiredenabled":"","requiredrulecondition":"","repetitionenabled":"","repetitionrulecondition":"","repetitioncountervariablename":"","repetition_variableaggregations":"","manualactivationenabled":"","manualactivationrulecondition":"","completionneutralenabled":"","completionneutralrulecondition":"","planitemlifecyclelisteners":"","taskidvariablename":""},"stencil":{"id":"HumanTask"},"childShapes":[],"outgoing":[],"bounds":{"lowerRight":{"x":265,"y":108},"upperLeft":{"x":165,"y":28}},"dockers":[]},{"resourceId":"sid-5C302020-DBCD-4CAD-BE06-7A611B840A59","properties":{"overrideid":"","name":"Test swelling degree","documentation":"","isblocking":true,"isblockingexpression":"","usertaskassignment":{"assignment":{"type":"idm","idm":{"type":"initiator"}}},"formkeydefinition":"","formreference":{"id":"0b134b05-d91b-11eb-9159-0242ac1f0003","name":"Form_SwellingDegree","key":"Form_SwellingDegree"},"formfieldvalidation":true,"duedatedefinition":"","prioritydefinition":"","tasklisteners":"","isasync":"","isexclusive":"","requiredenabled":"","requiredrulecondition":"","repetitionenabled":"","repetitionrulecondition":"","repetitioncountervariablename":"","repetition_variableaggregations":"","manualactivationenabled":"","manualactivationrulecondition":"","completionneutralenabled":"","completionneutralrulecondition":"","planitemlifecyclelisteners":"","taskidvariablename":""},"stencil":{"id":"HumanTask"},"childShapes":[],"outgoing":[],"bounds":{"lowerRight":{"x":280,"y":320},"upperLeft":{"x":180,"y":240}},"dockers":[]}],"outgoing":[{"resourceId":"sid-FAFD3B47-CB98-4647-9F3D-4DA46F3B58B1"},{"resourceId":"sid-5E9A7A08-A991-425A-98B9-C10A6300327E"},{"resourceId":"sid-41003E70-6C24-4A5F-B63A-20F371525D95"}],"bounds":{"lowerRight":{"x":363,"y":961},"upperLeft":{"x":15,"y":287}},"dockers":[]},{"resourceId":"sid-FAFD3B47-CB98-4647-9F3D-4DA46F3B58B1","properties":{"overrideid":"","name":"","documentation":"","ifpartcondition":"","triggermode":""},"stencil":{"id":"EntryCriterion"},"childShapes":[],"outgoing":[],"bounds":{"lowerRight":{"x":21.59494549240081,"y":593.3377583374503},"upperLeft":{"x":7.594945492400811,"y":571.3377583374503}},"dockers":[{"x":2.367198944091797,"y":296}]},{"resourceId":"sid-5E9A7A08-A991-425A-98B9-C10A6300327E","properties":{"overrideid":"","name":"","documentation":"","ifpartcondition":"","triggermode":""},"stencil":{"id":"ExitCriterion"},"childShapes":[],"outgoing":[],"bounds":{"lowerRight":{"x":191.25601290360544,"y":972.9201938483707},"upperLeft":{"x":177.25601290360544,"y":950.9201938483707}},"dockers":[{"x":169.36720275878906,"y":667}]},{"resourceId":"sid-032848A0-377F-491E-A913-10205EB56A96","properties":{"overrideid":"","name":"Biomechanical Chacterization Completed","documentation":"","completionneutralenabled":"","completionneutralrulecondition":"","requiredenabled":"","requiredrulecondition":"","repetitionenabled":"","repetitionrulecondition":"","repetitioncountervariablename":"","repetition_variableaggregations":"","planitemlifecyclelisteners":"","availablecondition":""},"stencil":{"id":"UserEventListener"},"childShapes":[],"outgoing":[{"resourceId":"sid-6FA09908-5472-49D2-A6F8-1E879792466A"},{"resourceId":"sid-2B4AD5FB-0DF1-4FF1-85E3-B58D942D498C"}],"bounds":{"lowerRight":{"x":720.498,"y":1019.2825055080478},"upperLeft":{"x":690,"y":988.7815055080479}},"dockers":[{"x":705.249,"y":1004.0320055080479}]},{"resourceId":"sid-745489FA-F2E1-48CA-857C-6A14AE7BD308","properties":{"overrideid":"","name":"Safety&Biocompatibility Studies Completed","documentation":"","completionneutralenabled":"","completionneutralrulecondition":"","requiredenabled":"","requiredrulecondition":"","repetitionenabled":"","repetitionrulecondition":"","repetitioncountervariablename":"","repetition_variableaggregations":"","planitemlifecyclelisteners":"","availablecondition":""},"stencil":{"id":"UserEventListener"},"childShapes":[],"outgoing":[{"resourceId":"sid-31E9073B-EF66-4621-8468-AA203B942C87"},{"resourceId":"sid-FABDFDF3-7DCA-4748-AB3F-DB88982A178D"}],"bounds":{"lowerRight":{"x":885.498,"y":1079.895278011052},"upperLeft":{"x":855,"y":1049.394278011052}},"dockers":[{"x":870.249,"y":1064.644778011052}]},{"resourceId":"sid-F0B4E3C3-9024-4CDE-94C8-724612EF8A04","properties":{"overrideid":"","name":"","documentation":"","ifpartcondition":"","triggermode":""},"stencil":{"id":"EntryCriterion"},"childShapes":[],"outgoing":[],"bounds":{"lowerRight":{"x":1036.6170504927954,"y":1047.803233515702},"upperLeft":{"x":1022.6170504927954,"y":1025.803233515702}},"dockers":[{"x":69.75,"y":6.35522198894796}]},{"resourceId":"sid-A8A3FB52-C533-4713-85F7-A9116C3FE2AF","properties":{"overrideid":"","name":"","documentation":"","ifpartcondition":"","triggermode":""},"stencil":{"id":"EntryCriterion"},"childShapes":[],"outgoing":[],"bounds":{"lowerRight":{"x":111.75038021933855,"y":1100.9724265687594},"upperLeft":{"x":97.75038021933855,"y":1078.9724265687594}},"dockers":[{"x":0.49398709639453386,"y":25}]},{"resourceId":"sid-49071B48-4C5E-44B7-88A7-CB0140955619","properties":{"overrideid":"","name":"","documentation":"","ifpartcondition":"","triggermode":""},"stencil":{"id":"EntryCriterion"},"childShapes":[],"outgoing":[],"bounds":{"lowerRight":{"x":635.9182644435732,"y":1048.345800293872},"upperLeft":{"x":621.9182644435732,"y":1026.345800293872}},"dockers":[{"x":119.38280201505415,"y":3.35522198894796}]},{"resourceId":"sid-A1BED77A-195A-4583-B9D3-84DDE718233B","properties":{"overrideid":"","name":"","documentation":"","ifpartcondition":"","triggermode":""},"stencil":{"id":"EntryCriterion"},"childShapes":[],"outgoing":[],"bounds":{"lowerRight":{"x":985.321976173161,"y":1048.3599176280538},"upperLeft":{"x":971.321976173161,"y":1026.3599176280538}},"dockers":[{"x":24.75,"y":3.35522198894796}]},{"resourceId":"sid-2445E8E5-E067-4000-9C9A-BA0A905285FC","properties":{"overrideid":"","name":"","documentation":"","ifpartcondition":"","triggermode":""},"stencil":{"id":"EntryCriterion"},"childShapes":[],"outgoing":[],"bounds":{"lowerRight":{"x":810.740746793315,"y":896.6451983532871},"upperLeft":{"x":796.740746793315,"y":874.6451983532871}},"dockers":[{"x":0.75,"y":597}]},{"resourceId":"sid-2D7758E8-5DD3-40AD-AA39-D7F093C9957E","properties":{"overrideid":"","name":"Phenotype validation completed","documentation":"","completionneutralenabled":"","completionneutralrulecondition":"","requiredenabled":"","requiredrulecondition":"","repetitionenabled":"","repetitionrulecondition":"","repetitioncountervariablename":"","repetition_variableaggregations":"","planitemlifecyclelisteners":"","availablecondition":""},"stencil":{"id":"UserEventListener"},"childShapes":[],"outgoing":[{"resourceId":"sid-6AD8772E-5564-4199-98A2-5F51B06FF76A"},{"resourceId":"sid-2EE8F1B1-DC6A-4300-9DCF-FED0886901B6"}],"bounds":{"lowerRight":{"x":631.999,"y":70.25049999999999},"upperLeft":{"x":601.501,"y":39.7495}},"dockers":[{"x":616.75,"y":54.99999999999999}]},{"resourceId":"sid-4A6B05C5-1B93-43CE-9E29-6DF05AA1DF98","properties":{"overrideid":"","name":"Test viscosity","documentation":"","isblocking":true,"isblockingexpression":"","usertaskassignment":{"assignment":{"type":"idm","idm":{"type":"initiator"}}},"formkeydefinition":"","formreference":{"id":"4b72faa7-d91c-11eb-9159-0242ac1f0003","name":"Form_ViscosityStiffness","key":"Form_ViscosityStiffness"},"formfieldvalidation":true,"duedatedefinition":"","prioritydefinition":"","tasklisteners":"","isasync":"","isexclusive":"","requiredenabled":"","requiredrulecondition":"","repetitionenabled":"","repetitionrulecondition":"${repetitionCounter6<100}","repetitioncountervariablename":"repetitionCounter6","repetition_variableaggregations":"","manualactivationenabled":"","manualactivationrulecondition":"","completionneutralenabled":"","completionneutralrulecondition":"","planitemlifecyclelisteners":"","taskidvariablename":""},"stencil":{"id":"HumanTask"},"childShapes":[],"outgoing":[{"resourceId":"sid-AD549292-24E0-4B97-967C-538892EAAD1B"}],"bounds":{"lowerRight":{"x":387.39822367868135,"y":1460},"upperLeft":{"x":287.39822367868135,"y":1380}},"dockers":[]},{"resourceId":"sid-18ED29AD-9B3A-4A0A-9840-DB9D39B7D054","properties":{"overrideid":"","name":"Test porosity","documentation":"","isblocking":true,"isblockingexpression":"","usertaskassignment":{"assignment":{"type":"idm","idm":{"type":"initiator"}}},"formkeydefinition":"","formreference":{"id":"94d20f1c-d91f-11eb-9159-0242ac1f0003","name":"Form_Porosity","key":"Form_Porosity"},"formfieldvalidation":true,"duedatedefinition":"","prioritydefinition":"","tasklisteners":"","isasync":"","isexclusive":"","requiredenabled":"","requiredrulecondition":"","repetitionenabled":"","repetitionrulecondition":"${repetitionCounter3<100}","repetitioncountervariablename":"repetitionCounter3","repetition_variableaggregations":"","manualactivationenabled":"","manualactivationrulecondition":"","completionneutralenabled":"","completionneutralrulecondition":"","planitemlifecyclelisteners":"","taskidvariablename":""},"stencil":{"id":"HumanTask"},"childShapes":[],"outgoing":[{"resourceId":"sid-C54C0D9B-5BFD-46C5-80CF-833C8803FE22"}],"bounds":{"lowerRight":{"x":154.75038021933858,"y":1370},"upperLeft":{"x":54.75038021933858,"y":1290}},"dockers":[]},{"resourceId":"sid-C54C0D9B-5BFD-46C5-80CF-833C8803FE22","properties":{"overrideid":"","name":"","documentation":"","ifpartcondition":"${vars:equals(update, 'Porosity')}","triggermode":"onEvent"},"stencil":{"id":"EntryCriterion"},"childShapes":[],"outgoing":[],"bounds":{"lowerRight":{"x":61.66745279081533,"y":1336.7942484733865},"upperLeft":{"x":47.66745279081533,"y":1314.7942484733865}},"dockers":[{"x":2.3672027587890625,"y":36}]},{"resourceId":"sid-AD549292-24E0-4B97-967C-538892EAAD1B","properties":{"overrideid":"","name":"","documentation":"","ifpartcondition":"${vars:equals(update, 'Viscosity')}","triggermode":"onEvent"},"stencil":{"id":"EntryCriterion"},"childShapes":[],"outgoing":[],"bounds":{"lowerRight":{"x":294.0340562258648,"y":1436.9587123091846},"upperLeft":{"x":280.0340562258648,"y":1414.9587123091846}},"dockers":[{"x":6,"y":45.20575152661354}]},{"resourceId":"sid-246B6C6B-657F-4107-AA7E-0D8897A8B832","properties":{"overrideid":"","name":"Test rheological properties","documentation":"","isblocking":true,"isblockingexpression":"","usertaskassignment":{"assignment":{"type":"idm","idm":{"type":"initiator"}}},"formkeydefinition":"","formreference":{"id":"1094d479-d91d-11eb-9159-0242ac1f0003","name":"Form_StressRelaxationBehavior","key":"Form_StressRelaxationBehavior"},"formfieldvalidation":true,"duedatedefinition":"","prioritydefinition":"","tasklisteners":"","isasync":"","isexclusive":"","requiredenabled":"","requiredrulecondition":"","repetitionenabled":"","repetitionrulecondition":"${repetitionCounter8<100}","repetitioncountervariablename":"repetitionCounter8","repetition_variableaggregations":"","manualactivationenabled":"","manualactivationrulecondition":"","completionneutralenabled":"","completionneutralrulecondition":"","planitemlifecyclelisteners":"","taskidvariablename":""},"stencil":{"id":"HumanTask"},"childShapes":[],"outgoing":[{"resourceId":"sid-245614A6-DEB3-44F6-B35F-FC488E67CDE5"}],"bounds":{"lowerRight":{"x":520,"y":1460},"upperLeft":{"x":420,"y":1380}},"dockers":[]},{"resourceId":"sid-245614A6-DEB3-44F6-B35F-FC488E67CDE5","properties":{"overrideid":"","name":"","documentation":"","ifpartcondition":"${vars:equals(update, 'Rheology')}","triggermode":"onEvent"},"stencil":{"id":"EntryCriterion"},"childShapes":[],"outgoing":[],"bounds":{"lowerRight":{"x":426.74952880183116,"y":1437.1209143859016},"upperLeft":{"x":412.74952880183116,"y":1415.1209143859016}},"dockers":[{"x":0.7421917412431185,"y":46}]},{"resourceId":"sid-12DCAA20-6EAC-4453-9DEA-94CE4EE4AFCA","properties":{"overrideid":"","name":"Test swelling degree","documentation":"","isblocking":true,"isblockingexpression":"","usertaskassignment":{"assignment":{"type":"idm","idm":{"type":"initiator"}}},"formkeydefinition":"","formreference":{"id":"0b134b05-d91b-11eb-9159-0242ac1f0003","name":"Form_SwellingDegree","key":"Form_SwellingDegree"},"formfieldvalidation":true,"duedatedefinition":"","prioritydefinition":"","tasklisteners":"","isasync":"","isexclusive":"","requiredenabled":"","requiredrulecondition":"","repetitionenabled":"","repetitionrulecondition":"${repetitionCounter7<100}","repetitioncountervariablename":"repetitionCounter7","repetition_variableaggregations":"","manualactivationenabled":"","manualactivationrulecondition":"","completionneutralenabled":"","completionneutralrulecondition":"","planitemlifecyclelisteners":"","taskidvariablename":""},"stencil":{"id":"HumanTask"},"childShapes":[],"outgoing":[{"resourceId":"sid-21EC1DF6-E8C5-46FE-A568-28E797CAFCC6"}],"bounds":{"lowerRight":{"x":520,"y":1365.7942484733865},"upperLeft":{"x":420,"y":1285.7942484733865}},"dockers":[]},{"resourceId":"sid-21EC1DF6-E8C5-46FE-A568-28E797CAFCC6","properties":{"overrideid":"","name":"","documentation":"","ifpartcondition":"${vars:equals(update, 'Swelling Degree')}","triggermode":"onEvent"},"stencil":{"id":"EntryCriterion"},"childShapes":[],"outgoing":[],"bounds":{"lowerRight":{"x":426.6257622735312,"y":1352.7834276955741},"upperLeft":{"x":412.6257622735312,"y":1330.7834276955741}},"dockers":[{"x":2.7421917412431185,"y":55}]},{"resourceId":"sid-FAFE3DAE-AFEF-433B-A8FE-DEB5B25D9A51","properties":{"overrideid":"","name":"Test injectability/Viability","documentation":"","isblocking":true,"isblockingexpression":"","usertaskassignment":{"assignment":{"type":"idm","idm":{"type":"initiator"}}},"formkeydefinition":"","formreference":{"id":"43816b20-d8e4-11eb-9159-0242ac1f0003","name":"Form_InjectabilityViability","key":"Form_InjectabilityViability"},"formfieldvalidation":true,"duedatedefinition":"","prioritydefinition":"","tasklisteners":"","isasync":"","isexclusive":"","requiredenabled":"","requiredrulecondition":"","repetitionenabled":"","repetitionrulecondition":"${repetitionCounter5<100}","repetitioncountervariablename":"repetitionCounter5","repetition_variableaggregations":"","manualactivationenabled":"","manualactivationrulecondition":"","completionneutralenabled":"","completionneutralrulecondition":"","planitemlifecyclelisteners":"","taskidvariablename":""},"stencil":{"id":"HumanTask"},"childShapes":[],"outgoing":[{"resourceId":"sid-7DD3EBC3-3D41-4333-9F4C-EB4501D757CF"}],"bounds":{"lowerRight":{"x":269.3879714247009,"y":1458.9487632678722},"upperLeft":{"x":169.38797142470088,"y":1378.9487632678722}},"dockers":[]},{"resourceId":"sid-7DD3EBC3-3D41-4333-9F4C-EB4501D757CF","properties":{"overrideid":"","name":"","documentation":"","ifpartcondition":"${vars:equals(update, 'Injectability')}","triggermode":"onEvent"},"stencil":{"id":"EntryCriterion"},"childShapes":[],"outgoing":[],"bounds":{"lowerRight":{"x":176.14011030221832,"y":1437.089459135006},"upperLeft":{"x":162.14011030221832,"y":1415.089459135006}},"dockers":[{"x":0.7421917412431185,"y":47}]},{"resourceId":"sid-2DD32835-B573-4A29-A019-F07767F7FC8D","properties":{"overrideid":"","name":"Test crystallinity","documentation":"","isblocking":true,"isblockingexpression":"","usertaskassignment":{"assignment":{"type":"idm","idm":{"type":"initiator"}}},"formkeydefinition":"","formreference":{"id":"593c4e2b-d91f-11eb-9159-0242ac1f0003","name":"Form_Crystallinity","key":"Form_Crystallinity"},"formfieldvalidation":true,"duedatedefinition":"","prioritydefinition":"","tasklisteners":"","isasync":"","isexclusive":"","requiredenabled":"","requiredrulecondition":"","repetitionenabled":"","repetitionrulecondition":"${repetitionCounter4<100}","repetitioncountervariablename":"repetitionCounter4","repetition_variableaggregations":"","manualactivationenabled":"","manualactivationrulecondition":"","completionneutralenabled":"","completionneutralrulecondition":"","planitemlifecyclelisteners":"","taskidvariablename":""},"stencil":{"id":"HumanTask"},"childShapes":[],"outgoing":[{"resourceId":"sid-F1A09F91-1022-47B1-842E-3A38BE1BD2D2"}],"bounds":{"lowerRight":{"x":154.7503802193387,"y":1460},"upperLeft":{"x":54.750380219338695,"y":1380}},"dockers":[]},{"resourceId":"sid-F1A09F91-1022-47B1-842E-3A38BE1BD2D2","properties":{"overrideid":"","name":"","documentation":"","ifpartcondition":"${vars:equals(update, 'Crystallanity')}","triggermode":"onEvent"},"stencil":{"id":"EntryCriterion"},"childShapes":[],"outgoing":[],"bounds":{"lowerRight":{"x":61.02007515979389,"y":1429.9487632678722},"upperLeft":{"x":47.02007515979389,"y":1407.9487632678722}},"dockers":[{"x":1.7421917412431185,"y":38.99999850988388}]},{"resourceId":"sid-2485F68D-3F3F-47AB-83AC-BA86CE868D9A","properties":{"overrideid":"","name":"Update Data","documentation":"","isblocking":true,"isblockingexpression":"","usertaskassignment":{"assignment":{"type":"idm","idm":{"type":"initiator"}}},"formkeydefinition":"","formreference":{"id":"0d6cb5fa-16e6-11ec-8d59-0242ac1b0003","name":"update","key":"update"},"formfieldvalidation":true,"duedatedefinition":"","prioritydefinition":"","tasklisteners":"","isasync":"","isexclusive":"","requiredenabled":"","requiredrulecondition":"","repetitionenabled":"","repetitionrulecondition":"${repetitionCounter<100}","repetitioncountervariablename":"repetitionCounter","repetition_variableaggregations":"","manualactivationenabled":"","manualactivationrulecondition":"","completionneutralenabled":"","completionneutralrulecondition":"","planitemlifecyclelisteners":"","taskidvariablename":""},"stencil":{"id":"HumanTask"},"childShapes":[],"outgoing":[{"resourceId":"sid-AD5EE807-CA8D-4591-BF8A-07308723C571"},{"resourceId":"sid-D4DE6580-D1DB-4DED-B88D-3A33A9B691A1"},{"resourceId":"sid-58970604-0D2E-4F95-8B45-F4C1A6961C78"},{"resourceId":"sid-F94EFFBD-E937-4477-9720-9A36B443CBD0"},{"resourceId":"sid-75412070-2B0A-45E7-95B7-78EFA6119541"},{"resourceId":"sid-6B13E3A6-B9C2-4F0D-BFD5-E6D488E13D4C"},{"resourceId":"sid-38E968B9-CED9-48C7-BA1F-9A931FCF21A7"},{"resourceId":"sid-00D9F8FD-9B1B-43F8-99B2-DD94D9CDD585"},{"resourceId":"sid-79A6AE36-9927-4B10-BB3C-63D0609C9D96"},{"resourceId":"sid-8F16B603-9169-47A3-BDF7-D332630CEAE4"},{"resourceId":"sid-C47FC14F-CFDD-4DDC-BA30-74806DCC4201"},{"resourceId":"sid-E15E967D-3EFF-4944-B1D1-3CE8426CAC09"},{"resourceId":"sid-8F0D0706-4447-4B45-B193-448A1AF18089"},{"resourceId":"sid-C1CB1C72-4C62-40B3-A4AE-591847E0807B"},{"resourceId":"sid-3BC2BA70-B78C-42AE-B4B6-5EE440407781"},{"resourceId":"sid-A8A57534-1646-4992-B0C2-F9BCB0411E71"},{"resourceId":"sid-D05318BF-4386-46D9-A736-E73CA75BCD87"},{"resourceId":"sid-66C1D013-337C-4ED8-8439-4BED464F0EBC"},{"resourceId":"sid-8D50062D-F01E-41EA-B345-89D831D68DEE"}],"bounds":{"lowerRight":{"x":277.8184089904499,"y":1248.5209733658135},"upperLeft":{"x":177.81840899044988,"y":1168.5209733658135}},"dockers":[]},{"resourceId":"sid-69C1142C-C2AD-49F9-BB81-EBEFEB36154E","properties":{"overrideid":"","name":"Update Required","documentation":"","completionneutralenabled":"","completionneutralrulecondition":"","requiredenabled":"","requiredrulecondition":"","repetitionenabled":"","repetitionrulecondition":"${repetitionCounter2<100}","repetitioncountervariablename":"repetitionCounter2","repetition_variableaggregations":"","planitemlifecyclelisteners":"","availablecondition":""},"stencil":{"id":"UserEventListener"},"childShapes":[],"outgoing":[{"resourceId":"sid-62FC4CF0-C882-44FB-9436-B7DBD6B168D2"}],"bounds":{"lowerRight":{"x":99.49799999999999,"y":1228.40443102053},"upperLeft":{"x":69,"y":1197.90343102053}},"dockers":[{"x":84.249,"y":1213.1539310205299}]},{"resourceId":"sid-AD5EE807-CA8D-4591-BF8A-07308723C571","properties":{"overrideid":"","name":"","documentation":"","ifpartcondition":"","triggermode":""},"stencil":{"id":"EntryCriterion"},"childShapes":[],"outgoing":[],"bounds":{"lowerRight":{"x":184.355512661967,"y":1222.6749043863435},"upperLeft":{"x":170.355512661967,"y":1200.6749043863435}},"dockers":[{"x":2,"y":43}]},{"resourceId":"sid-DB240EFA-AD90-4710-89B6-685165E45B5D","properties":{"overrideid":"","name":"Test range of motion","documentation":"","isblocking":true,"isblockingexpression":"","usertaskassignment":{"assignment":{"type":"idm","idm":{"type":"initiator"}}},"formkeydefinition":"","formreference":{"id":"bf2a15ea-e615-11eb-8d59-0242ac1b0003","name":"Form_RangeofMotion","key":"Form_RangeofMotion"},"formfieldvalidation":true,"duedatedefinition":"","prioritydefinition":"","tasklisteners":"","isasync":"","isexclusive":"","requiredenabled":"","requiredrulecondition":"","repetitionenabled":"","repetitionrulecondition":"${repetitionCounter9<100}","repetitioncountervariablename":"repetitionCounter9","repetition_variableaggregations":"","manualactivationenabled":"","manualactivationrulecondition":"","completionneutralenabled":"","completionneutralrulecondition":"","planitemlifecyclelisteners":"","taskidvariablename":""},"stencil":{"id":"HumanTask"},"childShapes":[],"outgoing":[{"resourceId":"sid-6C277141-8566-4CA5-A0CD-F604D66F6066"}],"bounds":{"lowerRight":{"x":678.9182644435733,"y":1350.1314927889277},"upperLeft":{"x":578.9182644435733,"y":1270.1314927889277}},"dockers":[]},{"resourceId":"sid-BA44A0C1-0C17-45B1-81AD-3E32320473BD","properties":{"overrideid":"","name":"Test biomaterial failure","documentation":"","isblocking":true,"isblockingexpression":"","usertaskassignment":{"assignment":{"type":"idm","idm":{"type":"initiator"}}},"formkeydefinition":"","formreference":{"id":"f4bc614b-e615-11eb-8d59-0242ac1b0003","name":"Form_BiomaterialFailure","key":"Form_BiomaterialFailure"},"formfieldvalidation":true,"duedatedefinition":"","prioritydefinition":"","tasklisteners":"","isasync":"","isexclusive":"","requiredenabled":"","requiredrulecondition":"","repetitionenabled":"","repetitionrulecondition":"${repetitionCounter11<100}","repetitioncountervariablename":"repetitionCounter11","repetition_variableaggregations":"","manualactivationenabled":"","manualactivationrulecondition":"","completionneutralenabled":"","completionneutralrulecondition":"","planitemlifecyclelisteners":"","taskidvariablename":""},"stencil":{"id":"HumanTask"},"childShapes":[],"outgoing":[{"resourceId":"sid-7CC42202-0B58-4AC9-9FD0-0757630EEA12"}],"bounds":{"lowerRight":{"x":785.8710061060209,"y":1455.7732372953913},"upperLeft":{"x":685.8710061060209,"y":1375.7732372953913}},"dockers":[]},{"resourceId":"sid-4F4D7E0C-B0B3-4A00-99CD-3A7B08465912","properties":{"overrideid":"","name":"Test behavior under dynamic/diurnal loading","documentation":"","isblocking":true,"isblockingexpression":"","usertaskassignment":{"assignment":{"type":"idm","idm":{"type":"initiator"}}},"formkeydefinition":"","formreference":{"id":"313d6c9c-e616-11eb-8d59-0242ac1b0003","name":"Form_BehaviourUnderLoading","key":"Form_BehaviourUnderLoading"},"formfieldvalidation":true,"duedatedefinition":"","prioritydefinition":"","tasklisteners":"","isasync":"","isexclusive":"","requiredenabled":"","requiredrulecondition":"","repetitionenabled":"","repetitionrulecondition":"${repetitionCounter12<100}","repetitioncountervariablename":"repetitionCounter12","repetition_variableaggregations":"","manualactivationenabled":"","manualactivationrulecondition":"","completionneutralenabled":"","completionneutralrulecondition":"","planitemlifecyclelisteners":"","taskidvariablename":""},"stencil":{"id":"HumanTask"},"childShapes":[],"outgoing":[{"resourceId":"sid-04EAE31E-44D4-44F2-AE2B-FA8B19AEFF78"}],"bounds":{"lowerRight":{"x":887.4815255291352,"y":1426.3393823562633},"upperLeft":{"x":787.4815255291352,"y":1346.3393823562633}},"dockers":[]},{"resourceId":"sid-BBB98D93-43B8-4065-9190-C4AD7C31D1ED","properties":{"overrideid":"","name":"Test disc height restoration","documentation":"","isblocking":true,"isblockingexpression":"","usertaskassignment":{"assignment":{"type":"idm","idm":{"type":"initiator"}}},"formkeydefinition":"","formreference":{"id":"5a72486d-e616-11eb-8d59-0242ac1b0003","name":"Form_DiscHeightRestoration","key":"Form_DiscHeightRestoration"},"formfieldvalidation":true,"duedatedefinition":"","prioritydefinition":"","tasklisteners":"","isasync":"","isexclusive":"","requiredenabled":"","requiredrulecondition":"","repetitionenabled":"","repetitionrulecondition":"${repetitionCounter10<100}","repetitioncountervariablename":"repetitionCounter10","repetition_variableaggregations":"","manualactivationenabled":"","manualactivationrulecondition":"","completionneutralenabled":"","completionneutralrulecondition":"","planitemlifecyclelisteners":"","taskidvariablename":""},"stencil":{"id":"HumanTask"},"childShapes":[],"outgoing":[{"resourceId":"sid-4E943F47-B912-4322-AB43-B6142F304DD2"}],"bounds":{"lowerRight":{"x":678.9182644435733,"y":1458.9487632678722},"upperLeft":{"x":578.9182644435733,"y":1378.9487632678722}},"dockers":[]},{"resourceId":"sid-D2594669-9725-4357-968F-A17DE8B32974","properties":{"overrideid":"","name":"Test immunological compatibility","documentation":"","isblocking":true,"isblockingexpression":"","usertaskassignment":{"assignment":{"type":"idm","idm":{"type":"initiator"}}},"formkeydefinition":"","formreference":{"id":"190b2902-e617-11eb-8d59-0242ac1b0003","name":"Form_ImmunologicalCompatibility","key":"Form_ImmunologicalCompatibility"},"formfieldvalidation":true,"duedatedefinition":"","prioritydefinition":"","tasklisteners":"","isasync":"","isexclusive":"","requiredenabled":"","requiredrulecondition":"","repetitionenabled":"","repetitionrulecondition":"${repetitionCounter17<100}","repetitioncountervariablename":"repetitionCounter17","repetition_variableaggregations":"","manualactivationenabled":"","manualactivationrulecondition":"","completionneutralenabled":"","completionneutralrulecondition":"","planitemlifecyclelisteners":"","taskidvariablename":"","type":"http://b3mn.org/stencilset/cmmn1.1#Task"},"stencil":{"id":"HumanTask"},"childShapes":[],"outgoing":[{"resourceId":"sid-9BA3DAA1-25AF-43EB-B2AF-846CA05B9146"}],"bounds":{"lowerRight":{"x":1192.3130837984777,"y":1426.3393823562633},"upperLeft":{"x":1092.3130837984777,"y":1346.3393823562633}},"dockers":[]},{"resourceId":"sid-9B3B56E8-F03E-4B5F-A78E-07E4BFC826B6","properties":{"overrideid":"","name":"In Vivo Study Design","documentation":"","isblocking":true,"isblockingexpression":"","usertaskassignment":{"assignment":{"type":"idm","idm":{"type":"initiator"}}},"formkeydefinition":"","formreference":{"id":"50c7525b-e0e3-11eb-8d59-0242ac1b0003","name":"Form_Safety","key":"Form_Safety"},"formfieldvalidation":true,"duedatedefinition":"","prioritydefinition":"","tasklisteners":"","isasync":"","isexclusive":"","requiredenabled":"","requiredrulecondition":"","repetitionenabled":"","repetitionrulecondition":"${repetitionCounter16<100}","repetitioncountervariablename":"repetitionCounter16","repetition_variableaggregations":"","manualactivationenabled":"","manualactivationrulecondition":"","completionneutralenabled":"","completionneutralrulecondition":"","planitemlifecyclelisteners":"","taskidvariablename":""},"stencil":{"id":"HumanTask"},"childShapes":[],"outgoing":[{"resourceId":"sid-35CF1D4D-B5AA-40D2-B0A9-C75753256CB7"}],"bounds":{"lowerRight":{"x":1370.1314927889277,"y":1426.3393823562633},"upperLeft":{"x":1270.1314927889277,"y":1346.3393823562633}},"dockers":[]},{"resourceId":"sid-EF0EAE37-A61D-4821-A0B6-EBACA244A864","properties":{"overrideid":"","name":"Test blood compatibility","documentation":"","isblocking":true,"isblockingexpression":"","usertaskassignment":{"assignment":{"type":"idm","idm":{"type":"initiator"}}},"formkeydefinition":"","formreference":{"id":"cbf54600-e616-11eb-8d59-0242ac1b0003","name":"Form_BloodCompatibility","key":"Form_BloodCompatibility"},"formfieldvalidation":true,"duedatedefinition":"","prioritydefinition":"","tasklisteners":"","isasync":"","isexclusive":"","requiredenabled":"","requiredrulecondition":"","repetitionenabled":"","repetitionrulecondition":"${repetitionCounter15<100}","repetitioncountervariablename":"repetitionCounter15","repetition_variableaggregations":"","manualactivationenabled":"","manualactivationrulecondition":"","completionneutralenabled":"","completionneutralrulecondition":"","planitemlifecyclelisteners":"","taskidvariablename":""},"stencil":{"id":"HumanTask"},"childShapes":[],"outgoing":[{"resourceId":"sid-B47B914F-9229-4D8B-A112-54C9A763627E"}],"bounds":{"lowerRight":{"x":1243.118343510035,"y":1318.1314927889277},"upperLeft":{"x":1143.118343510035,"y":1238.1314927889277}},"dockers":[]},{"resourceId":"sid-94562933-E28E-4F54-8D65-ECB607E1DC95","properties":{"overrideid":"","name":"Test cell compatibility","documentation":"","isblocking":true,"isblockingexpression":"","usertaskassignment":{"assignment":{"type":"idm","idm":{"type":"initiator"}}},"formkeydefinition":"","formreference":{"id":"a80598cf-e616-11eb-8d59-0242ac1b0003","name":"Form_CellCompatibility","key":"Form_CellCompatibility"},"formfieldvalidation":true,"duedatedefinition":"","prioritydefinition":"","tasklisteners":"","isasync":"","isexclusive":"","requiredenabled":"","requiredrulecondition":"","repetitionenabled":"","repetitionrulecondition":"${repetitionCounter14<100}","repetitioncountervariablename":"repetitionCounter14","repetition_variableaggregations":"","manualactivationenabled":"","manualactivationrulecondition":"","completionneutralenabled":"","completionneutralrulecondition":"","planitemlifecyclelisteners":"","taskidvariablename":""},"stencil":{"id":"HumanTask"},"childShapes":[],"outgoing":[{"resourceId":"sid-55D931DC-1849-4FC0-8CB7-47244E296655"}],"bounds":{"lowerRight":{"x":1370.1314927889277,"y":1318.1314927889277},"upperLeft":{"x":1270.1314927889277,"y":1238.1314927889277}},"dockers":[]},{"resourceId":"sid-9BA3DAA1-25AF-43EB-B2AF-846CA05B9146","properties":{"overrideid":"","name":"","documentation":"","ifpartcondition":"${vars:equals(update, 'Immunological Compatibility')}","triggermode":"onEvent"},"stencil":{"id":"EntryCriterion"},"childShapes":[],"outgoing":[],"bounds":{"lowerRight":{"x":1150.2396696334622,"y":1357.1575581934967},"upperLeft":{"x":1136.2396696334622,"y":1335.1575581934967}},"dockers":[{"x":50.80523664919201,"y":5.080539518736714}]},{"resourceId":"sid-55D931DC-1849-4FC0-8CB7-47244E296655","properties":{"overrideid":"","name":"","documentation":"","ifpartcondition":"${vars:equals(update, 'Cell Compatibility')}","triggermode":"onEvent"},"stencil":{"id":"EntryCriterion"},"childShapes":[],"outgoing":[],"bounds":{"lowerRight":{"x":1294.255452933995,"y":1248.3833991311408},"upperLeft":{"x":1280.255452933995,"y":1226.3833991311408}},"dockers":[{"x":26.39594537632547,"y":10.744036302636005}]},{"resourceId":"sid-35CF1D4D-B5AA-40D2-B0A9-C75753256CB7","properties":{"overrideid":"","name":"","documentation":"","ifpartcondition":"${vars:equals(update, 'In Vivo Study Design')}","triggermode":"onEvent"},"stencil":{"id":"EntryCriterion"},"childShapes":[],"outgoing":[],"bounds":{"lowerRight":{"x":1317.3624415383488,"y":1357.1367982562185},"upperLeft":{"x":1303.3624415383488,"y":1335.1367982562185}},"dockers":[{"x":42.337741667174214,"y":8.467502409361714}]},{"resourceId":"sid-B47B914F-9229-4D8B-A112-54C9A763627E","properties":{"overrideid":"","name":"","documentation":"","ifpartcondition":"${vars:equals(update, 'Blood Compatibility')}","triggermode":"onEvent"},"stencil":{"id":"EntryCriterion"},"childShapes":[],"outgoing":[],"bounds":{"lowerRight":{"x":1193.2532589787625,"y":1248.7653650510572},"upperLeft":{"x":1179.2532589787625,"y":1226.7653650510572}},"dockers":[{"x":44.03119262277755,"y":4.903907601697256}]},{"resourceId":"sid-04EAE31E-44D4-44F2-AE2B-FA8B19AEFF78","properties":{"overrideid":"","name":"","documentation":"","ifpartcondition":"${vars:equals(update, 'Behavior under Dynamic Loading')}","triggermode":"onEvent"},"stencil":{"id":"EntryCriterion"},"childShapes":[],"outgoing":[],"bounds":{"lowerRight":{"x":865.5073055264086,"y":1356.485187685164},"upperLeft":{"x":851.5073055264086,"y":1334.485187685164}},"dockers":[{"x":68.84304101562498,"y":3.386981793413497}]},{"resourceId":"sid-6C277141-8566-4CA5-A0CD-F604D66F6066","properties":{"overrideid":"","name":"","documentation":"","ifpartcondition":"${vars:equals(update, 'Range of Motion')}","triggermode":"onEvent"},"stencil":{"id":"EntryCriterion"},"childShapes":[],"outgoing":[],"bounds":{"lowerRight":{"x":585.4521389237159,"y":1323.328606783896},"upperLeft":{"x":571.4521389237159,"y":1301.328606783896}},"dockers":[{"x":7.081735556426679,"y":41.868507211072256}]},{"resourceId":"sid-7CC42202-0B58-4AC9-9FD0-0757630EEA12","properties":{"overrideid":"","name":"","documentation":"","ifpartcondition":"${vars:equals(update, 'Biomaterial Failure')}","triggermode":"onEvent"},"stencil":{"id":"EntryCriterion"},"childShapes":[],"outgoing":[],"bounds":{"lowerRight":{"x":769.3894978632416,"y":1386.3583408273091},"upperLeft":{"x":755.3894978632416,"y":1364.3583408273091}},"dockers":[{"x":74.1289938939791,"y":3.2267627046087455}]},{"resourceId":"sid-4E943F47-B912-4322-AB43-B6142F304DD2","properties":{"overrideid":"","name":"","documentation":"","ifpartcondition":"${vars:equals(update, 'Disc Height Restoration')}","triggermode":"onEvent"},"stencil":{"id":"EntryCriterion"},"childShapes":[],"outgoing":[],"bounds":{"lowerRight":{"x":585.663594380916,"y":1418.5646199759449},"upperLeft":{"x":571.663594380916,"y":1396.5646199759449}},"dockers":[{"x":6.081735556426679,"y":30.05123673212779}]},{"resourceId":"sid-68C0F1C9-D587-4166-A741-0A05D6E4C0DE","properties":{"overrideid":"","name":"Test biodegradation","documentation":"","isblocking":true,"isblockingexpression":"","usertaskassignment":{"assignment":{"type":"idm","idm":{"type":"initiator"}}},"formkeydefinition":"","formreference":{"id":"851a634e-e616-11eb-8d59-0242ac1b0003","name":"Form_Biodegradation","key":"Form_Biodegradation"},"formfieldvalidation":true,"duedatedefinition":"","prioritydefinition":"","tasklisteners":"","isasync":"","isexclusive":"","requiredenabled":"","requiredrulecondition":"","repetitionenabled":"","repetitionrulecondition":"${repetitionCounter13<100}","repetitioncountervariablename":"repetitionCounter13","repetition_variableaggregations":"","manualactivationenabled":"","manualactivationrulecondition":"","completionneutralenabled":"","completionneutralrulecondition":"","planitemlifecyclelisteners":"","taskidvariablename":""},"stencil":{"id":"HumanTask"},"childShapes":[],"outgoing":[{"resourceId":"sid-DAE659AB-333E-40FF-94B3-E135A4D54782"}],"bounds":{"lowerRight":{"x":1028.3219761731611,"y":1460},"upperLeft":{"x":928.3219761731611,"y":1380}},"dockers":[]},{"resourceId":"sid-DAE659AB-333E-40FF-94B3-E135A4D54782","properties":{"overrideid":"","name":"","documentation":"","ifpartcondition":"${vars:equals(update, 'Biodegradation')}","triggermode":"onEvent"},"stencil":{"id":"EntryCriterion"},"childShapes":[],"outgoing":[],"bounds":{"lowerRight":{"x":999.294052235378,"y":1390.8246323698804},"upperLeft":{"x":985.294052235378,"y":1368.8246323698804}},"dockers":[{"x":60.966281761974685,"y":8.467506234509756}]},{"resourceId":"sid-97AE404F-F470-43A8-A08A-D8C8C3AC7B3E","properties":{"overrideid":"","name":"Phenotype Validation Completed","documentation":"","requiredenabled":"","requiredrulecondition":"","repetitionenabled":"","repetitionrulecondition":"","repetitioncountervariablename":"","repetition_variableaggregations":"","completionneutralenabled":"","completionneutralrulecondition":"","planitemlifecyclelisteners":"","milestonevariable":""},"stencil":{"id":"Milestone"},"childShapes":[],"outgoing":[{"resourceId":"sid-EBFA0A9D-1A82-40C2-BFB7-7AC4D8F2039C"},{"resourceId":"sid-2C0ED4FD-9A4F-4005-8BAB-8463B1CE389A"},{"resourceId":"sid-71FB310D-C845-4FFA-B62E-84C8DBEFD519"}],"bounds":{"lowerRight":{"x":746,"y":176.27135526172447},"upperLeft":{"x":600,"y":122.27135526172447}},"dockers":[]},{"resourceId":"sid-2C0ED4FD-9A4F-4005-8BAB-8463B1CE389A","properties":{"overrideid":"","name":"","documentation":"","ifpartcondition":"","triggermode":""},"stencil":{"id":"EntryCriterion"},"childShapes":[],"outgoing":[],"bounds":{"lowerRight":{"x":638.9950218492169,"y":132.93470316120232},"upperLeft":{"x":624.9950218492169,"y":110.93470316120232}},"dockers":[{"x":34,"y":1}]},{"resourceId":"sid-71FB310D-C845-4FFA-B62E-84C8DBEFD519","properties":{"overrideid":"","name":"","documentation":"","ifpartcondition":"","triggermode":""},"stencil":{"id":"EntryCriterion"},"childShapes":[],"outgoing":[],"bounds":{"lowerRight":{"x":606.1809539939546,"y":162.54271052344893},"upperLeft":{"x":592.1809539939546,"y":140.54271052344893}},"dockers":[{"x":8,"y":29}]},{"resourceId":"sid-F55915CD-A031-487A-A2A0-5F2CEEE0A346","properties":{"overrideid":"","name":"Phenotype Validation","documentation":"","autocompleteenabled":"","autocompletecondition":"","requiredenabled":"","requiredrulecondition":"","repetitionenabled":"","repetitionrulecondition":"","repetitioncountervariablename":"","repetition_variableaggregations":"","manualactivationenabled":"","manualactivationrulecondition":"","completionneutralenabled":"","completionneutralrulecondition":"","planitemlifecyclelisteners":"","displayorder":"","includeinstageoverview":true},"stencil":{"id":"Stage"},"childShapes":[{"resourceId":"sid-97AAAE8F-F755-4B2B-B91F-30E6528F6AF3","properties":{"overrideid":"","name":"Characterize mRNA","documentation":"","isblocking":true,"isblockingexpression":"","usertaskassignment":{"assignment":{"type":"idm","idm":{"type":"initiator"}}},"formkeydefinition":"","formreference":{"id":"2cb80638-6a23-11ec-8d59-0242ac1b0003","name":"Form_mRNACharacterization","key":"Form_mRNACharacterization"},"formfieldvalidation":true,"duedatedefinition":"","prioritydefinition":"","tasklisteners":"","isasync":"","isexclusive":"","requiredenabled":"","requiredrulecondition":"","repetitionenabled":"","repetitionrulecondition":"","repetitioncountervariablename":"","repetition_variableaggregations":"","manualactivationenabled":"","manualactivationrulecondition":"","completionneutralenabled":"","completionneutralrulecondition":"","planitemlifecyclelisteners":"","taskidvariablename":""},"stencil":{"id":"HumanTask"},"childShapes":[],"outgoing":[],"bounds":{"lowerRight":{"x":119.24899999999997,"y":110},"upperLeft":{"x":19.248999999999967,"y":30}},"dockers":[]},{"resourceId":"sid-E431E17E-3097-44D7-85AD-8D0197E29E98","properties":{"overrideid":"","name":"Test morphology","documentation":"","isblocking":true,"isblockingexpression":"","usertaskassignment":{"assignment":{"type":"idm","idm":{"type":"initiator"}}},"formkeydefinition":"","formreference":{"id":"0be3e0bb-9edc-11ec-ab2f-0242ac1c0003","name":"Form_Morphology","key":"Form_Morphology"},"formfieldvalidation":true,"duedatedefinition":"","prioritydefinition":"","tasklisteners":"","isasync":"","isexclusive":"","requiredenabled":"","requiredrulecondition":"","repetitionenabled":"","repetitionrulecondition":"","repetitioncountervariablename":"","repetition_variableaggregations":"","manualactivationenabled":"","manualactivationrulecondition":"","completionneutralenabled":"","completionneutralrulecondition":"","planitemlifecyclelisteners":"","taskidvariablename":""},"stencil":{"id":"HumanTask"},"childShapes":[],"outgoing":[],"bounds":{"lowerRight":{"x":254.38797142470088,"y":110},"upperLeft":{"x":154.38797142470088,"y":30}},"dockers":[]},{"resourceId":"sid-ED54AEE3-AC71-4B45-AA32-9BCF36430E8E","properties":{"overrideid":"","name":"Characterize protein","documentation":"","isblocking":true,"isblockingexpression":"","usertaskassignment":{"assignment":{"type":"idm","idm":{"type":"initiator"}}},"formkeydefinition":"","formreference":{"id":"65811299-6a23-11ec-8d59-0242ac1b0003","name":"Form_ProteinCharacterization","key":"Form_ProteinCharacterization"},"formfieldvalidation":true,"duedatedefinition":"","prioritydefinition":"","tasklisteners":"","isasync":"","isexclusive":"","requiredenabled":"","requiredrulecondition":"","repetitionenabled":"","repetitionrulecondition":"","repetitioncountervariablename":"","repetition_variableaggregations":"","manualactivationenabled":"","manualactivationrulecondition":"","completionneutralenabled":"","completionneutralrulecondition":"","planitemlifecyclelisteners":"","taskidvariablename":""},"stencil":{"id":"HumanTask"},"childShapes":[],"outgoing":[],"bounds":{"lowerRight":{"x":385,"y":110},"upperLeft":{"x":285,"y":30}},"dockers":[]}],"outgoing":[{"resourceId":"sid-82912D21-3042-43B6-A5C8-5E46D815BB5F"},{"resourceId":"sid-22F12689-0A3A-4C20-838D-08CC8ECCB871"}],"bounds":{"lowerRight":{"x":517,"y":201},"upperLeft":{"x":15,"y":30}},"dockers":[]},{"resourceId":"sid-22F12689-0A3A-4C20-838D-08CC8ECCB871","properties":{"overrideid":"","name":"","documentation":"","ifpartcondition":"","triggermode":""},"stencil":{"id":"ExitCriterion"},"childShapes":[],"outgoing":[],"bounds":{"lowerRight":{"x":296.526629687395,"y":212.62158642298238},"upperLeft":{"x":282.526629687395,"y":190.62158642298238}},"dockers":[{"x":272.7081081081081,"y":164.96470588235294}]},{"resourceId":"sid-00944D8B-B332-4707-95A6-9EB93AC023F9","properties":{"overrideid":"","name":"Characterize mRNA","documentation":"","isblocking":true,"isblockingexpression":"","usertaskassignment":{"assignment":{"type":"idm","idm":{"type":"initiator"}}},"formkeydefinition":"","formreference":{"id":"2cb80638-6a23-11ec-8d59-0242ac1b0003","name":"Form_mRNACharacterization","key":"Form_mRNACharacterization"},"formfieldvalidation":true,"duedatedefinition":"","prioritydefinition":"","tasklisteners":"","isasync":"","isexclusive":"","requiredenabled":"","requiredrulecondition":"","repetitionenabled":"","repetitionrulecondition":"${repetitionCounter18<100}","repetitioncountervariablename":"repetitionCounter18","repetition_variableaggregations":"","manualactivationenabled":"","manualactivationrulecondition":"","completionneutralenabled":"","completionneutralrulecondition":"","planitemlifecyclelisteners":"","taskidvariablename":""},"stencil":{"id":"HumanTask"},"childShapes":[],"outgoing":[{"resourceId":"sid-DFF29577-1907-4E65-A2AF-6A40D6DF55EE"}],"bounds":{"lowerRight":{"x":1525,"y":1318.1314927889277},"upperLeft":{"x":1425,"y":1238.1314927889277}},"dockers":[]},{"resourceId":"sid-9A3A11DC-FEDC-4A9E-A238-3F4FD7479F91","properties":{"overrideid":"","name":"Test morphology","documentation":"","isblocking":true,"isblockingexpression":"","usertaskassignment":{"assignment":{"type":"idm","idm":{"type":"initiator"}}},"formkeydefinition":"","formreference":{"id":"0be3e0bb-9edc-11ec-ab2f-0242ac1c0003","name":"Form_Morphology","key":"Form_Morphology"},"formfieldvalidation":true,"duedatedefinition":"","prioritydefinition":"","tasklisteners":"","isasync":"","isexclusive":"","requiredenabled":"","requiredrulecondition":"","repetitionenabled":"","repetitionrulecondition":"${repetitionCounter19<100}","repetitioncountervariablename":"repetitionCounter19","repetition_variableaggregations":"","manualactivationenabled":"","manualactivationrulecondition":"","completionneutralenabled":"","completionneutralrulecondition":"","planitemlifecyclelisteners":"","taskidvariablename":""},"stencil":{"id":"HumanTask"},"childShapes":[],"outgoing":[{"resourceId":"sid-6E1EB970-94FD-4D38-8ED9-4F6648287504"}],"bounds":{"lowerRight":{"x":1660,"y":1310},"upperLeft":{"x":1560,"y":1230}},"dockers":[]},{"resourceId":"sid-37DA3B7E-115D-4048-9749-D9A81B76E06F","properties":{"overrideid":"","name":"Characterize protein","documentation":"","isblocking":true,"isblockingexpression":"","usertaskassignment":{"assignment":{"type":"idm","idm":{"type":"initiator"}}},"formkeydefinition":"","formreference":{"id":"65811299-6a23-11ec-8d59-0242ac1b0003","name":"Form_ProteinCharacterization","key":"Form_ProteinCharacterization"},"formfieldvalidation":true,"duedatedefinition":"","prioritydefinition":"","tasklisteners":"","isasync":"","isexclusive":"","requiredenabled":"","requiredrulecondition":"","repetitionenabled":"","repetitionrulecondition":"${repetitionCounter20<100}","repetitioncountervariablename":"repetitionCounter20","repetition_variableaggregations":"","manualactivationenabled":"","manualactivationrulecondition":"","completionneutralenabled":"","completionneutralrulecondition":"","planitemlifecyclelisteners":"","taskidvariablename":""},"stencil":{"id":"HumanTask"},"childShapes":[],"outgoing":[{"resourceId":"sid-8444DBDA-7C38-4B2B-A1F4-233DECB4FDD2"}],"bounds":{"lowerRight":{"x":1810,"y":1385},"upperLeft":{"x":1710,"y":1305}},"dockers":[]},{"resourceId":"sid-8444DBDA-7C38-4B2B-A1F4-233DECB4FDD2","properties":{"overrideid":"","name":"","documentation":"","ifpartcondition":"${vars:equals(update, 'Protein characterization')}","triggermode":"onEvent"},"stencil":{"id":"EntryCriterion"},"childShapes":[],"outgoing":[],"bounds":{"lowerRight":{"x":1757.8006126984978,"y":1315.7526805559282},"upperLeft":{"x":1743.8006126984978,"y":1293.7526805559282}},"dockers":[{"x":42,"y":5}]},{"resourceId":"sid-6E1EB970-94FD-4D38-8ED9-4F6648287504","properties":{"overrideid":"","name":"","documentation":"","ifpartcondition":"${vars:equals(update, 'Morphology')}","triggermode":"onEvent"},"stencil":{"id":"EntryCriterion"},"childShapes":[],"outgoing":[],"bounds":{"lowerRight":{"x":1626.1993873015022,"y":1240.7526805559282},"upperLeft":{"x":1612.1993873015022,"y":1218.7526805559282}},"dockers":[{"x":58,"y":5}]},{"resourceId":"sid-DFF29577-1907-4E65-A2AF-6A40D6DF55EE","properties":{"overrideid":"","name":"","documentation":"","ifpartcondition":"${vars:equals(update, 'mRNA characterization')}","triggermode":"onEvent"},"stencil":{"id":"EntryCriterion"},"childShapes":[],"outgoing":[],"bounds":{"lowerRight":{"x":1499.869746854055,"y":1248.7777034390997},"upperLeft":{"x":1485.869746854055,"y":1226.7777034390997}},"dockers":[{"x":66,"y":3.868507211072256}]},{"resourceId":"sid-5D1011CF-49B7-4E78-B603-13B051DCF116","properties":{"overrideid":"","name":"Development finalized","documentation":"","completionneutralenabled":"","completionneutralrulecondition":"","requiredenabled":"","requiredrulecondition":"","repetitionenabled":"","repetitionrulecondition":"","repetitioncountervariablename":"","repetition_variableaggregations":"","planitemlifecyclelisteners":"","availablecondition":""},"stencil":{"id":"UserEventListener"},"childShapes":[],"outgoing":[{"resourceId":"sid-BEF553C4-1A7E-435F-AD21-0C4CAA16B29C"}],"bounds":{"lowerRight":{"x":2106.521734540752,"y":1393.068695680746},"upperLeft":{"x":2076.023734540752,"y":1362.567695680746}},"dockers":[{"x":2091.272734540752,"y":1377.8181956807462}]}],"outgoing":[{"resourceId":"sid-551A8E6B-1406-4BE7-BA55-61E7247D5F3A"}],"bounds":{"lowerRight":{"x":2822.468080222628,"y":1579.063740247299},"upperLeft":{"x":75.00000105662787,"y":115.00000162016251}},"dockers":[]},{"resourceId":"sid-9648E04E-CF17-4EC9-A334-353943F2BE7C","properties":{"overrideid":"","name":"","documentation":"","transitionevent":"complete"},"stencil":{"id":"Association"},"childShapes":[],"outgoing":[{"resourceId":"sid-88748978-4537-4D09-B55C-658C7C7F7A93"}],"bounds":{"lowerRight":{"x":472.06717639120336,"y":785.520885060555},"upperLeft":{"x":367.2321922277138,"y":689.0393793868595}},"dockers":[{"x":99,"y":40},{"x":7,"y":11}],"target":{"resourceId":"sid-88748978-4537-4D09-B55C-658C7C7F7A93"}},{"resourceId":"sid-8B9A8D16-D685-44BC-BAA5-0CB71DDF44DA","properties":{"overrideid":"","name":"","documentation":"","transitionevent":"occur"},"stencil":{"id":"Association"},"childShapes":[],"outgoing":[{"resourceId":"sid-AA09855D-5DE7-4264-9773-8F64289D1BEC"}],"bounds":{"lowerRight":{"x":473.3545669372162,"y":1179.625763502941},"upperLeft":{"x":278.0241487249008,"y":972.120585944956}},"dockers":[{"x":72,"y":27},{"x":7,"y":11}],"target":{"resourceId":"sid-AA09855D-5DE7-4264-9773-8F64289D1BEC"}},{"resourceId":"sid-5BEA15F7-C536-4975-B23E-4656AAA0F23B","properties":{"overrideid":"","name":"","documentation":"","transitionevent":"complete"},"stencil":{"id":"Association"},"childShapes":[],"outgoing":[{"resourceId":"sid-8A7A1AC0-78B9-4710-90FB-2AC0FED8E437"}],"bounds":{"lowerRight":{"x":870.9973641418369,"y":816.2390555148354},"upperLeft":{"x":367.01432246272793,"y":789.6576661964554}},"dockers":[{"x":50,"y":40},{"x":7,"y":11}],"target":{"resourceId":"sid-8A7A1AC0-78B9-4710-90FB-2AC0FED8E437"}},{"resourceId":"sid-6FA09908-5472-49D2-A6F8-1E879792466A","properties":{"overrideid":"","name":"","documentation":"","transitionevent":"occur"},"stencil":{"id":"Association"},"childShapes":[],"outgoing":[{"resourceId":"sid-6DEFDE76-17C5-410A-B143-C1EDB3FF9560"}],"bounds":{"lowerRight":{"x":765.5715803513345,"y":1113.6593761411293},"upperLeft":{"x":696.7905310520642,"y":1087.7479498672114}},"dockers":[{"x":15.49800000000002,"y":15.500999999999987},{"x":8,"y":10}],"target":{"resourceId":"sid-6DEFDE76-17C5-410A-B143-C1EDB3FF9560"}},{"resourceId":"sid-2B4AD5FB-0DF1-4FF1-85E3-B58D942D498C","properties":{"overrideid":"","name":"","documentation":"","transitionevent":"occur"},"stencil":{"id":"Association"},"childShapes":[],"outgoing":[{"resourceId":"sid-49071B48-4C5E-44B7-88A7-CB0140955619"}],"bounds":{"lowerRight":{"x":764.2252818312667,"y":1149.452293748017},"upperLeft":{"x":709.3816510448706,"y":1126.185905104513}},"dockers":[{"x":15.498000000000022,"y":15.500999999999987},{"x":8,"y":10}],"target":{"resourceId":"sid-49071B48-4C5E-44B7-88A7-CB0140955619"}},{"resourceId":"sid-31E9073B-EF66-4621-8468-AA203B942C87","properties":{"overrideid":"","name":"","documentation":"","transitionevent":"occur"},"stencil":{"id":"Association"},"childShapes":[],"outgoing":[{"resourceId":"sid-A1BED77A-195A-4583-B9D3-84DDE718233B"}],"bounds":{"lowerRight":{"x":1046.553180264637,"y":1176.0747186949723},"upperLeft":{"x":960.0682965326026,"y":1153.397020160521}},"dockers":[{"x":15.498000000000022,"y":15.500999999999987},{"x":8,"y":10}],"target":{"resourceId":"sid-A1BED77A-195A-4583-B9D3-84DDE718233B"}},{"resourceId":"sid-FABDFDF3-7DCA-4748-AB3F-DB88982A178D","properties":{"overrideid":"","name":"","documentation":"","transitionevent":"occur"},"stencil":{"id":"Association"},"childShapes":[],"outgoing":[{"resourceId":"sid-1BDE9E48-8075-4927-B9D7-C64F85D3228C"}],"bounds":{"lowerRight":{"x":1043.3324480373794,"y":1170.2693468317423},"upperLeft":{"x":957.693456672356,"y":1102.6740718482356}},"dockers":[{"x":15.498000000000047,"y":15.501000000000033},{"x":8,"y":10}],"target":{"resourceId":"sid-1BDE9E48-8075-4927-B9D7-C64F85D3228C"}},{"resourceId":"sid-950D2D9C-D33B-4904-8149-208721D3FA75","properties":{"overrideid":"","name":"","documentation":"","transitionevent":"occur"},"stencil":{"id":"Association"},"childShapes":[],"outgoing":[{"resourceId":"sid-2445E8E5-E067-4000-9C9A-BA0A905285FC"}],"bounds":{"lowerRight":{"x":872.8965335888269,"y":1182.5049474855668},"upperLeft":{"x":326.62199599053633,"y":1002.5701976779361}},"dockers":[{"x":72,"y":27},{"x":7,"y":11}],"target":{"resourceId":"sid-2445E8E5-E067-4000-9C9A-BA0A905285FC"}},{"resourceId":"sid-EBFA0A9D-1A82-40C2-BFB7-7AC4D8F2039C","properties":{"overrideid":"","name":"","documentation":"","transitionevent":"occur"},"stencil":{"id":"Association"},"childShapes":[],"outgoing":[{"resourceId":"sid-FAFD3B47-CB98-4647-9F3D-4DA46F3B58B1"}],"bounds":{"lowerRight":{"x":705.7190937613686,"y":693.8272294895343},"upperLeft":{"x":94.92401492590346,"y":291.46520626816925}},"dockers":[{"x":72,"y":27},{"x":7,"y":11}],"target":{"resourceId":"sid-FAFD3B47-CB98-4647-9F3D-4DA46F3B58B1"}},{"resourceId":"sid-E9CC9198-ED40-485A-B0BB-90D3021DCAD2","properties":{"overrideid":"","name":"","documentation":"","transitionevent":"occur"},"stencil":{"id":"Association"},"childShapes":[],"outgoing":[{"resourceId":"sid-A8A3FB52-C533-4713-85F7-A9116C3FE2AF"}],"bounds":{"lowerRight":{"x":177.77993411892214,"y":1196.6352619145007},"upperLeft":{"x":163.0506654183079,"y":1134.3141984854997}},"dockers":[{"x":15.497999999999994,"y":15.500999999999987},{"x":7,"y":11}],"target":{"resourceId":"sid-A8A3FB52-C533-4713-85F7-A9116C3FE2AF"}},{"resourceId":"sid-BD96CDCA-1372-4235-871A-6422D0476E23","properties":{"overrideid":"","name":"","documentation":"","transitionevent":"occur"},"stencil":{"id":"Association"},"childShapes":[],"outgoing":[{"resourceId":"sid-5E9A7A08-A991-425A-98B9-C10A6300327E"}],"bounds":{"lowerRight":{"x":253.02334839203456,"y":1112.9136616667688},"upperLeft":{"x":173.58372221961136,"y":1079.0072416726537}},"dockers":[{"x":15.248999999999988,"y":15.250499999999988},{"x":8,"y":10}],"target":{"resourceId":"sid-5E9A7A08-A991-425A-98B9-C10A6300327E"}},{"resourceId":"sid-4C88EF97-6C6C-49D2-9711-084C339474D9","properties":{"overrideid":"","name":"","documentation":"","transitionevent":"complete"},"stencil":{"id":"Association"},"childShapes":[],"outgoing":[{"resourceId":"sid-F0B4E3C3-9024-4CDE-94C8-724612EF8A04"}],"bounds":{"lowerRight":{"x":1107.96022143506,"y":1142.3788017876432},"upperLeft":{"x":1105.998098985982,"y":1098.9989802552382}},"dockers":[{"x":229.00540540540533,"y":696},{"x":8,"y":10}],"target":{"resourceId":"sid-F0B4E3C3-9024-4CDE-94C8-724612EF8A04"}},{"resourceId":"sid-2EE8F1B1-DC6A-4300-9DCF-FED0886901B6","properties":{"overrideid":"","name":"","documentation":"","transitionevent":"occur"},"stencil":{"id":"Association"},"childShapes":[],"outgoing":[{"resourceId":"sid-2C0ED4FD-9A4F-4005-8BAB-8463B1CE389A"}],"bounds":{"lowerRight":{"x":705.1354311675553,"y":228.665485483084},"upperLeft":{"x":695.4987826846753,"y":185.81330563919985}},"dockers":[{"x":15.498000000000022,"y":15.500999999999994},{"x":7,"y":11}],"target":{"resourceId":"sid-2C0ED4FD-9A4F-4005-8BAB-8463B1CE389A"}},{"resourceId":"sid-58970604-0D2E-4F95-8B45-F4C1A6961C78","properties":{"overrideid":"","name":"","documentation":"","transitionevent":"complete"},"stencil":{"id":"Association"},"childShapes":[],"outgoing":[{"resourceId":"sid-AD549292-24E0-4B97-967C-538892EAAD1B"}],"bounds":{"lowerRight":{"x":359.9208042748921,"y":1533.1989244608442},"upperLeft":{"x":313.72148569118525,"y":1363.5566788288857}},"dockers":[{"x":50,"y":40},{"x":7,"y":11}],"target":{"resourceId":"sid-AD549292-24E0-4B97-967C-538892EAAD1B"}},{"resourceId":"sid-6B13E3A6-B9C2-4F0D-BFD5-E6D488E13D4C","properties":{"overrideid":"","name":"","documentation":"","transitionevent":"complete"},"stencil":{"id":"Association"},"childShapes":[],"outgoing":[{"resourceId":"sid-7DD3EBC3-3D41-4333-9F4C-EB4501D757CF"}],"bounds":{"lowerRight":{"x":292.01425705623564,"y":1533.324943725337},"upperLeft":{"x":246.23420438815393,"y":1363.580814122172}},"dockers":[{"x":50,"y":40},{"x":7,"y":11}],"target":{"resourceId":"sid-7DD3EBC3-3D41-4333-9F4C-EB4501D757CF"}},{"resourceId":"sid-41003E70-6C24-4A5F-B63A-20F371525D95","properties":{"overrideid":"","name":"","documentation":"","transitionevent":"complete"},"stencil":{"id":"Association"},"childShapes":[],"outgoing":[{"resourceId":"sid-82D40113-1FB8-4552-B571-C6FA1A174139"}],"bounds":{"lowerRight":{"x":348.8492606820574,"y":1175.1654021280601},"upperLeft":{"x":240.5106736186517,"y":1076.6726859745772}},"dockers":[{"x":259.5891891891892,"y":674},{"x":8,"y":10}],"target":{"resourceId":"sid-82D40113-1FB8-4552-B571-C6FA1A174139"}},{"resourceId":"sid-DB4C8151-FFE7-44B3-B4A6-A864C070C325","properties":{"overrideid":"","name":"","documentation":"","transitionevent":"complete"},"stencil":{"id":"Association"},"childShapes":[],"outgoing":[{"resourceId":"sid-D17133D4-2CB4-4E90-9043-884D3E43A06E"}],"bounds":{"lowerRight":{"x":598.3334431104845,"y":1145.4245794245846},"upperLeft":{"x":561.4878404952249,"y":1086.8464748433041}},"dockers":[{"x":8,"y":10},{"x":82.95540814490334,"y":672}],"target":{"resourceId":"sid-D17133D4-2CB4-4E90-9043-884D3E43A06E"}},{"resourceId":"sid-F94EFFBD-E937-4477-9720-9A36B443CBD0","properties":{"overrideid":"","name":"","documentation":"","transitionevent":"complete"},"stencil":{"id":"Association"},"childShapes":[],"outgoing":[{"resourceId":"sid-21EC1DF6-E8C5-46FE-A568-28E797CAFCC6"}],"bounds":{"lowerRight":{"x":489.30903472370846,"y":1453.0895130452006},"upperLeft":{"x":353.0899870792506,"y":1358.4482789900496}},"dockers":[{"x":50,"y":40},{"x":7,"y":11}],"target":{"resourceId":"sid-21EC1DF6-E8C5-46FE-A568-28E797CAFCC6"}},{"resourceId":"sid-00D9F8FD-9B1B-43F8-99B2-DD94D9CDD585","properties":{"overrideid":"","name":"","documentation":"","transitionevent":"complete"},"stencil":{"id":"Association"},"childShapes":[],"outgoing":[{"resourceId":"sid-6C277141-8566-4CA5-A0CD-F604D66F6066"}],"bounds":{"lowerRight":{"x":647.9980449639005,"y":1424.4416158376118},"upperLeft":{"x":353.22672130517935,"y":1338.258921729683}},"dockers":[{"x":50,"y":40},{"x":8,"y":10}],"target":{"resourceId":"sid-6C277141-8566-4CA5-A0CD-F604D66F6066"}},{"resourceId":"sid-8F16B603-9169-47A3-BDF7-D332630CEAE4","properties":{"overrideid":"","name":"","documentation":"","transitionevent":"complete"},"stencil":{"id":"Association"},"childShapes":[],"outgoing":[{"resourceId":"sid-4E943F47-B912-4322-AB43-B6142F304DD2"}],"bounds":{"lowerRight":{"x":648.9817748951208,"y":1518.3664864323218},"upperLeft":{"x":353.16807639102484,"y":1351.8613699733132}},"dockers":[{"x":50,"y":40},{"x":8,"y":10}],"target":{"resourceId":"sid-4E943F47-B912-4322-AB43-B6142F304DD2"}},{"resourceId":"sid-C47FC14F-CFDD-4DDC-BA30-74806DCC4201","properties":{"overrideid":"","name":"","documentation":"","transitionevent":"complete"},"stencil":{"id":"Association"},"childShapes":[],"outgoing":[{"resourceId":"sid-04EAE31E-44D4-44F2-AE2B-FA8B19AEFF78"}],"bounds":{"lowerRight":{"x":926.9869204178189,"y":1459.0691828192714},"upperLeft":{"x":353.0682021244566,"y":1334.4335236758138}},"dockers":[{"x":50,"y":40},{"x":7,"y":11}],"target":{"resourceId":"sid-04EAE31E-44D4-44F2-AE2B-FA8B19AEFF78"}},{"resourceId":"sid-8F0D0706-4447-4B45-B193-448A1AF18089","properties":{"overrideid":"","name":"","documentation":"","transitionevent":"complete"},"stencil":{"id":"Association"},"childShapes":[],"outgoing":[{"resourceId":"sid-B47B914F-9229-4D8B-A112-54C9A763627E"}],"bounds":{"lowerRight":{"x":1253.7019244892995,"y":1352.5349553767437},"upperLeft":{"x":353.4244361199871,"y":1325.0650991881873}},"dockers":[{"x":50,"y":40},{"x":7,"y":11}],"target":{"resourceId":"sid-B47B914F-9229-4D8B-A112-54C9A763627E"}},{"resourceId":"sid-C1CB1C72-4C62-40B3-A4AE-591847E0807B","properties":{"overrideid":"","name":"","documentation":"","transitionevent":"complete"},"stencil":{"id":"Association"},"childShapes":[],"outgoing":[{"resourceId":"sid-9BA3DAA1-25AF-43EB-B2AF-846CA05B9146"}],"bounds":{"lowerRight":{"x":1210.9930231215083,"y":1460.068002616693},"upperLeft":{"x":352.9754292083009,"y":1331.0622470967398}},"dockers":[{"x":50,"y":40},{"x":7,"y":11}],"target":{"resourceId":"sid-9BA3DAA1-25AF-43EB-B2AF-846CA05B9146"}},{"resourceId":"sid-A8A57534-1646-4992-B0C2-F9BCB0411E71","properties":{"overrideid":"","name":"","documentation":"","transitionevent":"complete"},"stencil":{"id":"Association"},"childShapes":[],"outgoing":[{"resourceId":"sid-55D931DC-1849-4FC0-8CB7-47244E296655"}],"bounds":{"lowerRight":{"x":1355.0481859500405,"y":1352.187051907376},"upperLeft":{"x":353.479150593157,"y":1324.9011342616843}},"dockers":[{"x":50,"y":40},{"x":7,"y":11}],"target":{"resourceId":"sid-55D931DC-1849-4FC0-8CB7-47244E296655"}},{"resourceId":"sid-38E968B9-CED9-48C7-BA1F-9A931FCF21A7","properties":{"overrideid":"","name":"","documentation":"","transitionevent":"complete"},"stencil":{"id":"Association"},"childShapes":[],"outgoing":[{"resourceId":"sid-F1A09F91-1022-47B1-842E-3A38BE1BD2D2"}],"bounds":{"lowerRight":{"x":269.5944135729801,"y":1529.067825424681},"upperLeft":{"x":133.05138380490146,"y":1363.7472072844414}},"dockers":[{"x":50,"y":40},{"x":7,"y":11}],"target":{"resourceId":"sid-F1A09F91-1022-47B1-842E-3A38BE1BD2D2"}},{"resourceId":"sid-D4DE6580-D1DB-4DED-B88D-3A33A9B691A1","properties":{"overrideid":"","name":"","documentation":"","transitionevent":"complete"},"stencil":{"id":"Association"},"childShapes":[],"outgoing":[{"resourceId":"sid-C54C0D9B-5BFD-46C5-80CF-833C8803FE22"}],"bounds":{"lowerRight":{"x":252.61536397280264,"y":1437.026784693039},"upperLeft":{"x":135.2300190265001,"y":1357.5229566251571}},"dockers":[{"x":50,"y":40},{"x":7,"y":11}],"target":{"resourceId":"sid-C54C0D9B-5BFD-46C5-80CF-833C8803FE22"}},{"resourceId":"sid-62FC4CF0-C882-44FB-9436-B7DBD6B168D2","properties":{"overrideid":"","name":"","documentation":"","transitionevent":"occur"},"stencil":{"id":"Association"},"childShapes":[],"outgoing":[{"resourceId":"sid-AD5EE807-CA8D-4591-BF8A-07308723C571"}],"bounds":{"lowerRight":{"x":244.82664327086943,"y":1328.115571736722},"upperLeft":{"x":175.00681399874108,"y":1326.8151357153513}},"dockers":[{"x":15.497999999999994,"y":15.500999999999987},{"x":7,"y":11}],"target":{"resourceId":"sid-AD5EE807-CA8D-4591-BF8A-07308723C571"}},{"resourceId":"sid-82912D21-3042-43B6-A5C8-5E46D815BB5F","properties":{"overrideid":"","name":"","documentation":"","transitionevent":"complete"},"stencil":{"id":"Association"},"childShapes":[],"outgoing":[{"resourceId":"sid-71FB310D-C845-4FFA-B62E-84C8DBEFD519"}],"bounds":{"lowerRight":{"x":666.6793148787061,"y":265.731202836357},"upperLeft":{"x":592.5306602670453,"y":257.70998054908364}},"dockers":[{"x":251,"y":85.5},{"x":7,"y":11}],"target":{"resourceId":"sid-71FB310D-C845-4FFA-B62E-84C8DBEFD519"}},{"resourceId":"sid-6AD8772E-5564-4199-98A2-5F51B06FF76A","properties":{"overrideid":"","name":"","documentation":"","transitionevent":"occur"},"stencil":{"id":"Association"},"childShapes":[],"outgoing":[{"resourceId":"sid-22F12689-0A3A-4C20-838D-08CC8ECCB871"}],"bounds":{"lowerRight":{"x":675.7357806979126,"y":313.92647509348177},"upperLeft":{"x":370.5563395304693,"y":177.51971102054378}},"dockers":[{"x":15.498000000000022,"y":15.500999999999994},{"x":7,"y":11}],"target":{"resourceId":"sid-22F12689-0A3A-4C20-838D-08CC8ECCB871"}},{"resourceId":"sid-79A6AE36-9927-4B10-BB3C-63D0609C9D96","properties":{"overrideid":"","name":"","documentation":"","transitionevent":"complete"},"stencil":{"id":"Association"},"childShapes":[],"outgoing":[{"resourceId":"sid-7CC42202-0B58-4AC9-9FD0-0757630EEA12"}],"bounds":{"lowerRight":{"x":832.2040595508879,"y":1487.4430467885825},"upperLeft":{"x":352.93741530015564,"y":1339.0401171944409}},"dockers":[{"x":50,"y":40},{"x":8,"y":10}],"target":{"resourceId":"sid-7CC42202-0B58-4AC9-9FD0-0757630EEA12"}},{"resourceId":"sid-3BC2BA70-B78C-42AE-B4B6-5EE440407781","properties":{"overrideid":"","name":"","documentation":"","transitionevent":"complete"},"stencil":{"id":"Association"},"childShapes":[],"outgoing":[{"resourceId":"sid-35CF1D4D-B5AA-40D2-B0A9-C75753256CB7"}],"bounds":{"lowerRight":{"x":1378.0273946024138,"y":1460.2043494173163},"upperLeft":{"x":353.49750621782755,"y":1329.9634340588166}},"dockers":[{"x":50,"y":40},{"x":7,"y":11}],"target":{"resourceId":"sid-35CF1D4D-B5AA-40D2-B0A9-C75753256CB7"}},{"resourceId":"sid-D05318BF-4386-46D9-A736-E73CA75BCD87","properties":{"overrideid":"","name":"","documentation":"","transitionevent":"complete"},"stencil":{"id":"Association"},"childShapes":[],"outgoing":[{"resourceId":"sid-DFF29577-1907-4E65-A2AF-6A40D6DF55EE"}],"bounds":{"lowerRight":{"x":1561.069916453819,"y":1351.6036222827568},"upperLeft":{"x":353.27329146126027,"y":1324.6470667346769}},"dockers":[{"x":50,"y":40},{"x":8,"y":10}],"target":{"resourceId":"sid-DFF29577-1907-4E65-A2AF-6A40D6DF55EE"}},{"resourceId":"sid-E15E967D-3EFF-4944-B1D1-3CE8426CAC09","properties":{"overrideid":"","name":"","documentation":"","transitionevent":"complete"},"stencil":{"id":"Association"},"childShapes":[],"outgoing":[{"resourceId":"sid-DAE659AB-333E-40FF-94B3-E135A4D54782"}],"bounds":{"lowerRight":{"x":1060.34578567762,"y":1493.2676665750557},"upperLeft":{"x":353.0670558921332,"y":1334.7806887117401}},"dockers":[{"x":50,"y":40},{"x":7,"y":11}],"target":{"resourceId":"sid-DAE659AB-333E-40FF-94B3-E135A4D54782"}},{"resourceId":"sid-66C1D013-337C-4ED8-8439-4BED464F0EBC","properties":{"overrideid":"","name":"","documentation":"","transitionevent":"complete"},"stencil":{"id":"Association"},"childShapes":[],"outgoing":[{"resourceId":"sid-6E1EB970-94FD-4D38-8ED9-4F6648287504"}],"bounds":{"lowerRight":{"x":1687.4007586605026,"y":1343.6393657813799},"upperLeft":{"x":353.44907179235963,"y":1324.2566534671016}},"dockers":[{"x":50,"y":40},{"x":8,"y":10}],"target":{"resourceId":"sid-6E1EB970-94FD-4D38-8ED9-4F6648287504"}},{"resourceId":"sid-8D50062D-F01E-41EA-B345-89D831D68DEE","properties":{"overrideid":"","name":"","documentation":"","transitionevent":"complete"},"stencil":{"id":"Association"},"childShapes":[],"outgoing":[{"resourceId":"sid-8444DBDA-7C38-4B2B-A1F4-233DECB4FDD2"}],"bounds":{"lowerRight":{"x":1819.1053730575838,"y":1418.2718163844283},"upperLeft":{"x":352.9291710626657,"y":1326.6523326281444}},"dockers":[{"x":50,"y":40},{"x":8,"y":10}],"target":{"resourceId":"sid-8444DBDA-7C38-4B2B-A1F4-233DECB4FDD2"}},{"resourceId":"sid-75412070-2B0A-45E7-95B7-78EFA6119541","properties":{"overrideid":"","name":"","documentation":"","transitionevent":"complete"},"stencil":{"id":"Association"},"childShapes":[],"outgoing":[{"resourceId":"sid-245614A6-DEB3-44F6-B35F-FC488E67CDE5"}],"bounds":{"lowerRight":{"x":490.3393869239776,"y":1536.1209616298463},"upperLeft":{"x":338.71725232561397,"y":1364.2209196858023}},"dockers":[{"x":50,"y":40},{"x":7,"y":11}],"target":{"resourceId":"sid-245614A6-DEB3-44F6-B35F-FC488E67CDE5"}},{"resourceId":"sid-551A8E6B-1406-4BE7-BA55-61E7247D5F3A","properties":{"overrideid":"","name":"","documentation":"","ifpartcondition":"","triggermode":""},"stencil":{"id":"ExitCriterion"},"childShapes":[],"outgoing":[],"bounds":{"lowerRight":{"x":2096.319479590977,"y":1590.3010813269068},"upperLeft":{"x":2082.319479590977,"y":1568.3010813269068}},"dockers":[{"x":2011.2727040214972,"y":1460.818235684525}]},{"resourceId":"sid-BEF553C4-1A7E-435F-AD21-0C4CAA16B29C","properties":{"overrideid":"","name":"","documentation":"","transitionevent":"occur"},"stencil":{"id":"Association"},"childShapes":[],"outgoing":[{"resourceId":"sid-551A8E6B-1406-4BE7-BA55-61E7247D5F3A"}],"bounds":{"lowerRight":{"x":2156.204433407256,"y":1574.513898684437},"upperLeft":{"x":2093.6053555306003,"y":1504.5927849454094}},"dockers":[{"x":15.498000000000022,"y":15.500999999999987},{"x":7,"y":11}],"target":{"resourceId":"sid-551A8E6B-1406-4BE7-BA55-61E7247D5F3A"}}],"stencil":{"id":"CMMNDiagram"},"stencilset":{"namespace":"http://b3mn.org/stencilset/cmmn1.1#","url":"../editor/stencilsets/cmmn1.1/cmmn1.1.json"}}}