{"id":"e075c890-6a3c-11ec-8d59-0242ac1b0003","name":"iPSc Development","key":"iPSc_Development","description":"","editorJson":{"modelId":"e075c890-6a3c-11ec-8d59-0242ac1b0003","bounds":{"lowerRight":{"x":1572.8551231905737,"y":1263.9116584092203},"upperLeft":{"x":0,"y":0}},"properties":{"case_id":"iPSc_Development","name":"iPSc Development","documentation":"","case_initiatorvariablename":"","case_author":"","case_version":"","case_namespace":"http://www.flowable.org/casedef","eventkey":"","eventname":"","eventoutparameters":"","eventcorrelationparameters":"","channelkey":"","channelname":"","channeltype":"","channeldestination":"","keydetectionfixedvalue":"","keydetectionjsonfield":"","keydetectionjsonpointer":""},"childShapes":[{"resourceId":"casePlanModel","properties":{"overrideid":"","name":"","documentation":"","formkeydefinition":"","formreference":{"id":"f0244d26-cce5-11eb-b1d1-0242ac190003","name":"Start Form iPSc","key":"StartFormiPSc"},"formfieldvalidation":true,"autocompleteenabled":"","autocompletecondition":""},"stencil":{"id":"CasePlanModel"},"childShapes":[{"resourceId":"sid-D3363B31-C31D-4CB3-BFC2-369521ACB5D4","properties":{"overrideid":"","name":"Donation, Sampling, Tissue Procssing and Transport","documentation":"","autocompleteenabled":"","autocompletecondition":"","requiredenabled":"","requiredrulecondition":"","repetitionenabled":"","repetitionrulecondition":"","repetitioncountervariablename":"","repetition_variableaggregations":"","manualactivationenabled":"","manualactivationrulecondition":"","completionneutralenabled":"","completionneutralrulecondition":"","planitemlifecyclelisteners":"","displayorder":"","includeinstageoverview":true},"stencil":{"id":"Stage"},"childShapes":[{"resourceId":"sid-A16DA36B-70D2-4D1F-A5CA-89826482AF07","properties":{"overrideid":"task1","name":"Record donation sampling information","documentation":"","isblocking":true,"isblockingexpression":"","usertaskassignment":{"assignment":{"type":"idm","idm":{"type":"initiator"},"initiatorCanCompleteTask":true}},"formkeydefinition":"","formreference":{"id":"9a99cfdb-6a1d-11ec-8d59-0242ac1b0003","name":"Form_DonationSampling","key":"Form_DonationSampling"},"formfieldvalidation":true,"duedatedefinition":"","prioritydefinition":"","tasklisteners":"","isasync":"","isexclusive":"","requiredenabled":"","requiredrulecondition":"","repetitionenabled":"","repetitionrulecondition":"","repetitioncountervariablename":"","repetition_variableaggregations":"","manualactivationenabled":"","manualactivationrulecondition":"","completionneutralenabled":"","completionneutralrulecondition":"","planitemlifecyclelisteners":"","taskidvariablename":""},"stencil":{"id":"HumanTask"},"childShapes":[],"outgoing":[],"bounds":{"lowerRight":{"x":112.41194290644509,"y":132.23582871933525},"upperLeft":{"x":12.411942906445084,"y":52.235828719335245}},"dockers":[]},{"resourceId":"sid-BFFFAFCB-DC71-449D-A9EC-731BC1905381","properties":{"overrideid":"task3","name":"(o) Perform cell expansion","documentation":"","isblocking":true,"isblockingexpression":"","usertaskassignment":{"assignment":{"type":"idm","initiatorCanCompleteTask":true,"idm":{"type":"initiator"}}},"formkeydefinition":"","formreference":{"id":"306182fe-6a1f-11ec-8d59-0242ac1b0003","name":"Form_CellExpansion","key":"Form_Cellexpansion"},"formfieldvalidation":true,"duedatedefinition":"","prioritydefinition":"","tasklisteners":"","isasync":"","isexclusive":"","requiredenabled":"","requiredrulecondition":"","repetitionenabled":"","repetitionrulecondition":"","repetitioncountervariablename":"","repetition_variableaggregations":"","manualactivationenabled":"","manualactivationrulecondition":"","completionneutralenabled":"","completionneutralrulecondition":"","planitemlifecyclelisteners":"","taskidvariablename":""},"stencil":{"id":"HumanTask"},"childShapes":[],"outgoing":[],"bounds":{"lowerRight":{"x":115,"y":232},"upperLeft":{"x":15,"y":152}},"dockers":[]},{"resourceId":"sid-AF4CC79F-6690-410B-A70B-319713E09683","properties":{"overrideid":"task2","name":"Perform cell isolation","documentation":"","isblocking":true,"isblockingexpression":"","usertaskassignment":{"assignment":{"type":"idm","initiatorCanCompleteTask":true,"idm":{"type":"initiator"}}},"formkeydefinition":"","formreference":{"id":"695146ac-6a1e-11ec-8d59-0242ac1b0003","name":"Form_CellIsolation","key":"Form_CellIsolation"},"formfieldvalidation":true,"duedatedefinition":"","prioritydefinition":"","tasklisteners":"","isasync":"","isexclusive":"","requiredenabled":"","requiredrulecondition":"","repetitionenabled":"","repetitionrulecondition":"","repetitioncountervariablename":"","repetition_variableaggregations":"","manualactivationenabled":"","manualactivationrulecondition":"","completionneutralenabled":"","completionneutralrulecondition":"","planitemlifecyclelisteners":"","taskidvariablename":""},"stencil":{"id":"HumanTask"},"childShapes":[],"outgoing":[],"bounds":{"lowerRight":{"x":235,"y":140},"upperLeft":{"x":135,"y":60}},"dockers":[]},{"resourceId":"sid-E08A94DF-9A87-4183-A7F4-CF20D1D63251","properties":{"overrideid":"task4","name":"Perform cell transportation","documentation":"","isblocking":true,"isblockingexpression":"","usertaskassignment":{"assignment":{"type":"idm","initiatorCanCompleteTask":true,"idm":{"type":"initiator"}}},"formkeydefinition":"","formreference":{"id":"ea98faad-6a1e-11ec-8d59-0242ac1b0003","name":"Form_Celltransportation","key":"Form_Celltransportation"},"formfieldvalidation":true,"duedatedefinition":"","prioritydefinition":"","tasklisteners":"","isasync":"","isexclusive":"","requiredenabled":"","requiredrulecondition":"","repetitionenabled":"","repetitionrulecondition":"","repetitioncountervariablename":"","repetition_variableaggregations":"","manualactivationenabled":"","manualactivationrulecondition":"","completionneutralenabled":"","completionneutralrulecondition":"","planitemlifecyclelisteners":"","taskidvariablename":""},"stencil":{"id":"HumanTask"},"childShapes":[],"outgoing":[],"bounds":{"lowerRight":{"x":235,"y":232},"upperLeft":{"x":135,"y":152}},"dockers":[]}],"outgoing":[{"resourceId":"sid-15B47BD3-3C2E-4C9B-87C4-D0DAC30757AF"},{"resourceId":"sid-7F9A367C-D42D-4923-80D1-EF4B7504D257"}],"bounds":{"lowerRight":{"x":326,"y":459},"upperLeft":{"x":30,"y":75}},"dockers":[]},{"resourceId":"sid-15194246-0489-41DE-86FE-B491C9A431E2","properties":{"overrideid":"","name":"iPSc Generation","documentation":"","autocompleteenabled":"","autocompletecondition":"","requiredenabled":"","requiredrulecondition":"","repetitionenabled":"","repetitionrulecondition":"","repetitioncountervariablename":"","repetition_variableaggregations":"","manualactivationenabled":"","manualactivationrulecondition":"","completionneutralenabled":"","completionneutralrulecondition":"","planitemlifecyclelisteners":"","displayorder":"","includeinstageoverview":true},"stencil":{"id":"Stage"},"childShapes":[{"resourceId":"sid-FC4E3D95-61E1-4712-AD02-B3DCE9D5E8B0","properties":{"overrideid":"task5","name":"Reprogram cells","documentation":"","isblocking":true,"isblockingexpression":"","usertaskassignment":{"assignment":{"type":"idm","initiatorCanCompleteTask":true,"idm":{"type":"initiator"}}},"formkeydefinition":"","formreference":{"id":"6a59997f-6a1f-11ec-8d59-0242ac1b0003","name":"Form_CellReprogramming","key":"Form_CellReprogramming"},"formfieldvalidation":true,"duedatedefinition":"","prioritydefinition":"","tasklisteners":"","isasync":"","isexclusive":"","requiredenabled":"","requiredrulecondition":"","repetitionenabled":"","repetitionrulecondition":"","repetitioncountervariablename":"","repetition_variableaggregations":"","manualactivationenabled":"","manualactivationrulecondition":"","completionneutralenabled":"","completionneutralrulecondition":"","planitemlifecyclelisteners":"","taskidvariablename":""},"stencil":{"id":"HumanTask"},"childShapes":[],"outgoing":[],"bounds":{"lowerRight":{"x":115,"y":140},"upperLeft":{"x":15,"y":60}},"dockers":[]},{"resourceId":"sid-41B6E0F6-E9D9-4529-A109-D0342F37151F","properties":{"overrideid":"task7","name":"Test genetic stability","documentation":"","isblocking":true,"isblockingexpression":"","usertaskassignment":{"assignment":{"type":"idm","initiatorCanCompleteTask":true,"idm":{"type":"initiator"}}},"formkeydefinition":"","formreference":{"id":"a457a370-6a1f-11ec-8d59-0242ac1b0003","name":"Form_GeneticStability","key":"Form_GeneticStability"},"formfieldvalidation":true,"duedatedefinition":"","prioritydefinition":"","tasklisteners":"","isasync":"","isexclusive":"","requiredenabled":"","requiredrulecondition":"","repetitionenabled":"","repetitionrulecondition":"","repetitioncountervariablename":"","repetition_variableaggregations":"","manualactivationenabled":"","manualactivationrulecondition":"","completionneutralenabled":"","completionneutralrulecondition":"","planitemlifecyclelisteners":"","taskidvariablename":""},"stencil":{"id":"HumanTask"},"childShapes":[],"outgoing":[],"bounds":{"lowerRight":{"x":115,"y":232},"upperLeft":{"x":15,"y":152}},"dockers":[]},{"resourceId":"sid-ED066D7D-7FA0-48EA-B90B-84ACF5F2AB3E","properties":{"overrideid":"task6","name":"Test differentiation potency","documentation":"","isblocking":true,"isblockingexpression":"","usertaskassignment":{"assignment":{"type":"idm","initiatorCanCompleteTask":true,"idm":{"type":"initiator"}}},"formkeydefinition":"","formreference":{"id":"a68b2fd2-6a20-11ec-8d59-0242ac1b0003","name":"Form_DifferentiationPotency","key":"Form_DifferentiationPotency"},"formfieldvalidation":true,"duedatedefinition":"","prioritydefinition":"","tasklisteners":"","isasync":"","isexclusive":"","requiredenabled":"","requiredrulecondition":"","repetitionenabled":"","repetitionrulecondition":"","repetitioncountervariablename":"","repetition_variableaggregations":"","manualactivationenabled":"","manualactivationrulecondition":"","completionneutralenabled":"","completionneutralrulecondition":"","planitemlifecyclelisteners":"","taskidvariablename":""},"stencil":{"id":"HumanTask"},"childShapes":[],"outgoing":[],"bounds":{"lowerRight":{"x":235,"y":140},"upperLeft":{"x":135,"y":60}},"dockers":[]},{"resourceId":"sid-91BEBE48-0953-4F31-8BFD-3893550D9AFC","properties":{"overrideid":"task8","name":"Perform cell storage","documentation":"","isblocking":true,"isblockingexpression":"","usertaskassignment":{"assignment":{"type":"idm","initiatorCanCompleteTask":true,"idm":{"type":"initiator"}}},"formkeydefinition":"","formreference":{"id":"d8ca7511-6a1f-11ec-8d59-0242ac1b0003","name":"Form_CellStorage","key":"Form_CellStorage"},"formfieldvalidation":true,"duedatedefinition":"","prioritydefinition":"","tasklisteners":"","isasync":"","isexclusive":"","requiredenabled":"","requiredrulecondition":"","repetitionenabled":"","repetitionrulecondition":"","repetitioncountervariablename":"","repetition_variableaggregations":"","manualactivationenabled":"","manualactivationrulecondition":"","completionneutralenabled":"","completionneutralrulecondition":"","planitemlifecyclelisteners":"","taskidvariablename":""},"stencil":{"id":"HumanTask"},"childShapes":[],"outgoing":[],"bounds":{"lowerRight":{"x":235,"y":232},"upperLeft":{"x":135,"y":152}},"dockers":[]}],"outgoing":[{"resourceId":"sid-243E34F8-51E1-43CC-98FE-F5825712CCFF"},{"resourceId":"sid-5A8A6668-DCDE-46F9-8CBE-A0B3FBA7A826"}],"bounds":{"lowerRight":{"x":666.3254005176733,"y":459},"upperLeft":{"x":370.3254005176733,"y":75}},"dockers":[]},{"resourceId":"sid-3CA6B79D-8A2A-4C10-A449-D4CDBBC04F8E","properties":{"overrideid":"","name":"Donation, Sampling, Tissue Procssing and Transport completed","documentation":"","requiredenabled":"","requiredrulecondition":"","repetitionenabled":"","repetitionrulecondition":"","repetitioncountervariablename":"","repetition_variableaggregations":"","completionneutralenabled":"","completionneutralrulecondition":"","planitemlifecyclelisteners":"","milestonevariable":""},"stencil":{"id":"Milestone"},"childShapes":[],"outgoing":[{"resourceId":"sid-21209D72-C7EA-4DDA-BBB9-E433997AF7EF"},{"resourceId":"sid-212CC046-9106-4709-B1CF-46E1ECEF3532"},{"resourceId":"sid-50346237-F2C0-4ACA-A302-D12F19A33029"}],"bounds":{"lowerRight":{"x":341,"y":623.0249722790072},"upperLeft":{"x":195,"y":569.0249722790072}},"dockers":[]},{"resourceId":"sid-243E34F8-51E1-43CC-98FE-F5825712CCFF","properties":{"overrideid":"","name":"","documentation":"","ifpartcondition":"","triggermode":"default"},"stencil":{"id":"EntryCriterion"},"childShapes":[],"outgoing":[],"bounds":{"lowerRight":{"x":376.99853290006274,"y":348.82072536041505},"upperLeft":{"x":362.99853290006274,"y":326.82072536041505}},"dockers":[{"x":1.567611478144613,"y":261.91617997429245}]},{"resourceId":"sid-47715638-02A4-42D8-8B2D-C9A2169AD57A","properties":{"overrideid":"","name":"iPSc Differentiation","documentation":"","autocompleteenabled":"","autocompletecondition":"","requiredenabled":"","requiredrulecondition":"","repetitionenabled":"","repetitionrulecondition":"","repetitioncountervariablename":"","repetition_variableaggregations":"","manualactivationenabled":"","manualactivationrulecondition":"","completionneutralenabled":"","completionneutralrulecondition":"","planitemlifecyclelisteners":"","displayorder":"","includeinstageoverview":true},"stencil":{"id":"Stage"},"childShapes":[{"resourceId":"sid-F3CB517E-8520-434C-B4E4-0D29A3CDDAA3","properties":{"overrideid":"task13","name":"Enrich NLC","documentation":"","isblocking":true,"isblockingexpression":"","usertaskassignment":{"assignment":{"type":"idm","initiatorCanCompleteTask":true,"idm":{"type":"initiator"}}},"formkeydefinition":"","formreference":{"id":"efe112b7-6a22-11ec-8d59-0242ac1b0003","name":"Form_EnrichNLC","key":"Form_EnrichNLC"},"formfieldvalidation":true,"duedatedefinition":"","prioritydefinition":"","tasklisteners":"","isasync":"","isexclusive":"","requiredenabled":"","requiredrulecondition":"","repetitionenabled":"","repetitionrulecondition":"","repetitioncountervariablename":"","repetition_variableaggregations":"","manualactivationenabled":"","manualactivationrulecondition":"","completionneutralenabled":"","completionneutralrulecondition":"","planitemlifecyclelisteners":"","taskidvariablename":""},"stencil":{"id":"HumanTask"},"childShapes":[{"resourceId":"sid-E25F0DB4-E056-4337-A721-5A6CA0B10503","properties":{"overrideid":"","name":"","documentation":"","ifpartcondition":"","triggermode":""},"stencil":{"id":"EntryCriterion"},"childShapes":[],"outgoing":[],"bounds":{"lowerRight":{"x":57.89433148773412,"y":19},"upperLeft":{"x":43.89433148773412,"y":-3}},"dockers":[{"x":50.89433148773412,"y":8}]}],"outgoing":[],"bounds":{"lowerRight":{"x":240.2029420436562,"y":493.7940285467773},"upperLeft":{"x":140.2029420436562,"y":413.7940285467773}},"dockers":[]},{"resourceId":"sid-55A56413-3172-4D5A-8B95-46540BAC6A1D","properties":{"overrideid":"task11","name":"Perform cell freezing and transport","documentation":"","isblocking":true,"isblockingexpression":"","usertaskassignment":{"assignment":{"type":"idm","initiatorCanCompleteTask":true,"idm":{"type":"initiator"}}},"formkeydefinition":"","formreference":{"id":"08b9cf84-6a22-11ec-8d59-0242ac1b0003","name":"Form_CellFreezingTransportation","key":"Form_Cellfreezingtransportation"},"formfieldvalidation":true,"duedatedefinition":"","prioritydefinition":"","tasklisteners":"","isasync":"","isexclusive":"","requiredenabled":"","requiredrulecondition":"","repetitionenabled":"","repetitionrulecondition":"","repetitioncountervariablename":"","repetition_variableaggregations":"","manualactivationenabled":"","manualactivationrulecondition":"","completionneutralenabled":"","completionneutralrulecondition":"","planitemlifecyclelisteners":"","taskidvariablename":""},"stencil":{"id":"HumanTask"},"childShapes":[{"resourceId":"sid-5A1D5A7B-E068-4D4E-B6F9-FCC365F5F787","properties":{"overrideid":"","name":"","documentation":"","ifpartcondition":"","triggermode":""},"stencil":{"id":"EntryCriterion"},"childShapes":[],"outgoing":[],"bounds":{"lowerRight":{"x":64.96298863880827,"y":19},"upperLeft":{"x":50.96298863880827,"y":-3}},"dockers":[{"x":57.96298863880827,"y":8}]}],"outgoing":[],"bounds":{"lowerRight":{"x":121.20597145322256,"y":381.5533148403366},"upperLeft":{"x":21.20597145322256,"y":301.5533148403366}},"dockers":[]},{"resourceId":"sid-D305E33A-C2A4-42A0-B214-AB0BE12E7501","properties":{"overrideid":"task12","name":"Test genomic stability","documentation":"","isblocking":true,"isblockingexpression":"","usertaskassignment":{"assignment":{"type":"idm","initiatorCanCompleteTask":true,"idm":{"type":"initiator"}}},"formkeydefinition":"","formreference":{"id":"bda38d13-6a21-11ec-8d59-0242ac1b0003","name":"Form_GenomicStability","key":"Form_GenomicStability"},"formfieldvalidation":true,"duedatedefinition":"","prioritydefinition":"","tasklisteners":"","isasync":"","isexclusive":"","requiredenabled":"","requiredrulecondition":"","repetitionenabled":"","repetitionrulecondition":"","repetitioncountervariablename":"","repetition_variableaggregations":"","manualactivationenabled":"","manualactivationrulecondition":"","completionneutralenabled":"","completionneutralrulecondition":"","planitemlifecyclelisteners":"","taskidvariablename":""},"stencil":{"id":"HumanTask"},"childShapes":[{"resourceId":"sid-8D334C22-10AE-49B4-9A1B-FF37EACFE92B","properties":{"overrideid":"","name":"","documentation":"","ifpartcondition":"","triggermode":""},"stencil":{"id":"EntryCriterion"},"childShapes":[],"outgoing":[],"bounds":{"lowerRight":{"x":39.31200080380904,"y":19.482388581289},"upperLeft":{"x":25.312000803809042,"y":-2.517611418710999}},"dockers":[{"x":32.31200080380904,"y":8.482388581289001}]}],"outgoing":[],"bounds":{"lowerRight":{"x":120.20294204365621,"y":503.11639965488416},"upperLeft":{"x":20.202942043656208,"y":423.11639965488416}},"dockers":[]},{"resourceId":"sid-1EB8D430-A8EB-49A5-8DC2-35FB6F5BFB7D","properties":{"overrideid":"task15","name":"Test microbiological purity","documentation":"","isblocking":true,"isblockingexpression":"","usertaskassignment":{"assignment":{"type":"idm","initiatorCanCompleteTask":true,"idm":{"type":"initiator"}}},"formkeydefinition":"","formreference":{"id":"b0a83a66-6a22-11ec-8d59-0242ac1b0003","name":"Form_MicrobiologicalPurity","key":"Form_MicrobiologicalPurity"},"formfieldvalidation":true,"duedatedefinition":"","prioritydefinition":"","tasklisteners":"","isasync":"","isexclusive":"","requiredenabled":"","requiredrulecondition":"","repetitionenabled":"","repetitionrulecondition":"","repetitioncountervariablename":"","repetition_variableaggregations":"","manualactivationenabled":"","manualactivationrulecondition":"","completionneutralenabled":"","completionneutralrulecondition":"","planitemlifecyclelisteners":"","taskidvariablename":""},"stencil":{"id":"HumanTask"},"childShapes":[{"resourceId":"sid-13ECADAE-CB8D-4F20-9C52-5CF64B2F1577","properties":{"overrideid":"","name":"","documentation":"","ifpartcondition":"","triggermode":""},"stencil":{"id":"EntryCriterion"},"childShapes":[],"outgoing":[],"bounds":{"lowerRight":{"x":46.584480046015415,"y":19},"upperLeft":{"x":32.584480046015415,"y":-3}},"dockers":[{"x":39.584480046015415,"y":8}]}],"outgoing":[],"bounds":{"lowerRight":{"x":261.82424665121073,"y":614.8190008257845},"upperLeft":{"x":161.82424665121073,"y":534.8190008257845}},"dockers":[]},{"resourceId":"sid-A2D5DA67-232B-4EEE-BE6F-E0A8E45DEE6F","properties":{"overrideid":"task14","name":"Test in vitro immunogenecity","documentation":"","isblocking":true,"isblockingexpression":"","usertaskassignment":{"assignment":{"type":"idm","initiatorCanCompleteTask":true,"idm":{"type":"initiator"}}},"formkeydefinition":"","formreference":{"id":"61723685-6a22-11ec-8d59-0242ac1b0003","name":"Form_InVitroImmunogenecity","key":"Form_InVitroImmunogenecity"},"formfieldvalidation":true,"duedatedefinition":"","prioritydefinition":"","tasklisteners":"","isasync":"","isexclusive":"","requiredenabled":"","requiredrulecondition":"","repetitionenabled":"","repetitionrulecondition":"","repetitioncountervariablename":"","repetition_variableaggregations":"","manualactivationenabled":"","manualactivationrulecondition":"","completionneutralenabled":"","completionneutralrulecondition":"","planitemlifecyclelisteners":"","taskidvariablename":""},"stencil":{"id":"HumanTask"},"childShapes":[{"resourceId":"sid-DC5E22C7-B3F0-483D-911C-8365B7DFAE7F","properties":{"overrideid":"","name":"","documentation":"","ifpartcondition":"","triggermode":""},"stencil":{"id":"EntryCriterion"},"childShapes":[],"outgoing":[],"bounds":{"lowerRight":{"x":60.5179722570316,"y":19},"upperLeft":{"x":46.5179722570316,"y":-3}},"dockers":[{"x":53.5179722570316,"y":8}]}],"outgoing":[],"bounds":{"lowerRight":{"x":113.38244647865292,"y":614.8190008257845},"upperLeft":{"x":13.382446478652923,"y":534.8190008257845}},"dockers":[]},{"resourceId":"sid-29A47064-C76A-4387-A928-0593F80277A7","properties":{"overrideid":"","name":"Phenotype validation","documentation":"","autocompleteenabled":"","autocompletecondition":"","requiredenabled":"","requiredrulecondition":"","repetitionenabled":"","repetitionrulecondition":"","repetitioncountervariablename":"","repetition_variableaggregations":"","manualactivationenabled":"","manualactivationrulecondition":"","completionneutralenabled":"","completionneutralrulecondition":"","planitemlifecyclelisteners":"","displayorder":"","includeinstageoverview":true},"stencil":{"id":"Stage"},"childShapes":[{"resourceId":"sid-C03480E1-CC53-44C3-9DFA-994C5CF8CBD3","properties":{"overrideid":"task9","name":"Characterize mRNA","documentation":"","isblocking":true,"isblockingexpression":"","usertaskassignment":{"assignment":{"type":"idm","initiatorCanCompleteTask":true,"idm":{"type":"initiator"}}},"formkeydefinition":"","formreference":{"id":"2cb80638-6a23-11ec-8d59-0242ac1b0003","name":"Form_mRNACharacterization","key":"Form_mRNACharacterization"},"formfieldvalidation":true,"duedatedefinition":"","prioritydefinition":"","tasklisteners":"","isasync":"","isexclusive":"","requiredenabled":"","requiredrulecondition":"","repetitionenabled":"","repetitionrulecondition":"","repetitioncountervariablename":"","repetition_variableaggregations":"","manualactivationenabled":"","manualactivationrulecondition":"","completionneutralenabled":"","completionneutralrulecondition":"","planitemlifecyclelisteners":"","taskidvariablename":""},"stencil":{"id":"HumanTask"},"childShapes":[],"outgoing":[{"resourceId":"sid-AEDBEBA0-7B81-4272-A0DA-CABCF1435A99"}],"bounds":{"lowerRight":{"x":128.9701427338872,"y":96.5362569580015},"upperLeft":{"x":28.9701427338872,"y":16.536256958001502}},"dockers":[]},{"resourceId":"sid-46329FD9-4A2A-4861-9DCC-E1EA08A38274","properties":{"overrideid":"task10","name":"Characterize protein\n","documentation":"","isblocking":true,"isblockingexpression":"","usertaskassignment":{"assignment":{"type":"idm","initiatorCanCompleteTask":true,"idm":{"type":"initiator"}}},"formkeydefinition":"","formreference":{"id":"65811299-6a23-11ec-8d59-0242ac1b0003","name":"Form_ProteinCharacterization","key":"Form_ProteinCharacterization"},"formfieldvalidation":true,"duedatedefinition":"","prioritydefinition":"","tasklisteners":"","isasync":"","isexclusive":"","requiredenabled":"","requiredrulecondition":"","repetitionenabled":"","repetitionrulecondition":"","repetitioncountervariablename":"","repetition_variableaggregations":"","manualactivationenabled":"","manualactivationrulecondition":"","completionneutralenabled":"","completionneutralrulecondition":"","planitemlifecyclelisteners":"","taskidvariablename":""},"stencil":{"id":"HumanTask"},"childShapes":[],"outgoing":[{"resourceId":"sid-AB5F1226-87EF-4472-A028-F991C57B93A6"}],"bounds":{"lowerRight":{"x":249.21068747080926,"y":96.5362569580015},"upperLeft":{"x":149.21068747080926,"y":16.536256958001502}},"dockers":[]}],"outgoing":[{"resourceId":"sid-F213DEB1-1EAB-43BD-8CFC-287E73F5E09E"},{"resourceId":"sid-3FCDF144-578C-488C-A05D-EBBF51CBCCB7"}],"bounds":{"lowerRight":{"x":390.4370841549711,"y":238.28762885488868},"upperLeft":{"x":20.437084154971103,"y":68.28762885488868}},"dockers":[]},{"resourceId":"sid-039E692F-8EFB-4077-9842-1C7400716295","properties":{"overrideid":"","name":"Phenotype validation completed","documentation":"","requiredenabled":"","requiredrulecondition":"","repetitionenabled":"","repetitionrulecondition":"","repetitioncountervariablename":"","repetition_variableaggregations":"","completionneutralenabled":"","completionneutralrulecondition":"","planitemlifecyclelisteners":"","milestonevariable":""},"stencil":{"id":"Milestone"},"childShapes":[],"outgoing":[{"resourceId":"sid-C45BF9BB-2850-4B10-991B-D3A9B9E9496B"},{"resourceId":"sid-6B26301E-8A5E-43E5-91F3-B77E3A0CF745"},{"resourceId":"sid-DFA3862D-DDA0-4650-A344-6F6ACF715446"},{"resourceId":"sid-B9EBC553-762E-433F-A90D-72A7955DA9E1"},{"resourceId":"sid-457A6754-A289-46B7-8177-6110147C3B37"},{"resourceId":"sid-94175B91-FE9D-4A1E-B20F-5AB733E167D4"},{"resourceId":"sid-52C6EC35-8FC0-4B5F-84A4-B1AAE567E5B3"}],"bounds":{"lowerRight":{"x":384.020914647264,"y":343.61475390719255},"upperLeft":{"x":238.02091464726402,"y":289.61475390719255}},"dockers":[]},{"resourceId":"sid-F213DEB1-1EAB-43BD-8CFC-287E73F5E09E","properties":{"overrideid":"","name":"","documentation":"","ifpartcondition":"","triggermode":""},"stencil":{"id":"ExitCriterion"},"childShapes":[],"outgoing":[],"bounds":{"lowerRight":{"x":398.1837209269364,"y":184.99979512737764},"upperLeft":{"x":384.1837209269364,"y":162.99979512737764}},"dockers":[{"x":369.7527963652476,"y":105.60134548935133}]},{"resourceId":"sid-94175B91-FE9D-4A1E-B20F-5AB733E167D4","properties":{"overrideid":"","name":"","documentation":"","ifpartcondition":"","triggermode":""},"stencil":{"id":"EntryCriterion"},"childShapes":[],"outgoing":[{"resourceId":"sid-2542DBB3-7449-4338-B32C-9E8A8AB23A24"}],"bounds":{"lowerRight":{"x":368.9819678997277,"y":300.4575240985261},"upperLeft":{"x":354.9819678997277,"y":278.4575240985261}},"dockers":[{"x":119.57655864639219,"y":2.179274639584719}]},{"resourceId":"sid-52C6EC35-8FC0-4B5F-84A4-B1AAE567E5B3","properties":{"overrideid":"","name":"","documentation":"","ifpartcondition":"","triggermode":""},"stencil":{"id":"EntryCriterion"},"childShapes":[],"outgoing":[],"bounds":{"lowerRight":{"x":276.55226761889764,"y":300.1234698376766},"upperLeft":{"x":262.55226761889764,"y":278.1234698376766}},"dockers":[{"x":38.576558646392186,"y":4.179274639584719}]},{"resourceId":"sid-35619F6F-CAB1-498B-8C96-7D077E851A3E","properties":{"overrideid":"","name":"Phenotype validation completed","documentation":"","completionneutralenabled":"","completionneutralrulecondition":"","requiredenabled":"","requiredrulecondition":"","repetitionenabled":"","repetitionrulecondition":"","repetitioncountervariablename":"","repetition_variableaggregations":"","planitemlifecyclelisteners":"","availablecondition":""},"stencil":{"id":"UserEventListener"},"childShapes":[],"outgoing":[{"resourceId":"sid-80547376-4227-42A8-87C8-819EF977E70D"},{"resourceId":"sid-E0D97926-68AD-4C4F-B566-5449B99650EE"}],"bounds":{"lowerRight":{"x":94.4179600920308,"y":279.29502854677725},"upperLeft":{"x":63.919960092030806,"y":248.79402854677727}},"dockers":[{"x":79.1689600920308,"y":264.04452854677726}]},{"resourceId":"sid-3FCDF144-578C-488C-A05D-EBBF51CBCCB7","properties":{"overrideid":"","name":"","documentation":"","ifpartcondition":"","triggermode":""},"stencil":{"id":"ExitCriterion"},"childShapes":[],"outgoing":[],"bounds":{"lowerRight":{"x":181.13496010740118,"y":249.78885893741426},"upperLeft":{"x":167.13496010740118,"y":227.78885893741426}},"dockers":[{"x":155.1603891386851,"y":166.5063996918886}]}],"outgoing":[{"resourceId":"sid-CBFE8F51-F244-4A4B-8301-6A92DA8EDDF7"},{"resourceId":"sid-FCE533E8-FC86-4501-9B28-61D14DD94C7E"}],"bounds":{"lowerRight":{"x":1108.8825632908179,"y":658.0045467498421},"upperLeft":{"x":699.7970579563438,"y":21.20597145322273}},"dockers":[]},{"resourceId":"sid-CBFE8F51-F244-4A4B-8301-6A92DA8EDDF7","properties":{"overrideid":"","name":"","documentation":"","ifpartcondition":"","triggermode":"onEvent"},"stencil":{"id":"EntryCriterion"},"childShapes":[],"outgoing":[],"bounds":{"lowerRight":{"x":706.5247014305239,"y":467.94659127944294},"upperLeft":{"x":692.5247014305239,"y":445.94659127944294}},"dockers":[{"x":2.1665105868409156,"y":434.3433600384437}]},{"resourceId":"sid-60ECE57A-C9AA-4794-A044-7A2173840329","properties":{"overrideid":"","name":"iPSc Generation completed","documentation":"","requiredenabled":"","requiredrulecondition":"","repetitionenabled":"","repetitionrulecondition":"","repetitioncountervariablename":"","repetition_variableaggregations":"","completionneutralenabled":"","completionneutralrulecondition":"","planitemlifecyclelisteners":"","milestonevariable":""},"stencil":{"id":"Milestone"},"childShapes":[],"outgoing":[{"resourceId":"sid-02E5033C-C687-41B6-A050-06D01490B50D"},{"resourceId":"sid-947ED628-0D83-4450-ABD4-68DA86F575EC"},{"resourceId":"sid-0704474A-D8FF-46DA-BBD9-6513BDF48239"}],"bounds":{"lowerRight":{"x":591.3254005176733,"y":586.8804704757105},"upperLeft":{"x":445.3254005176733,"y":532.8804704757105}},"dockers":[]},{"resourceId":"sid-02E5033C-C687-41B6-A050-06D01490B50D","properties":{"overrideid":"","name":"","documentation":"","ifpartcondition":"","triggermode":""},"stencil":{"id":"EntryCriterion"},"childShapes":[],"outgoing":[],"bounds":{"lowerRight":{"x":468.29912896557124,"y":543.7925808331473},"upperLeft":{"x":454.29912896557124,"y":521.7925808331473}},"dockers":[{"x":18.515625,"y":1.1195295242895327}]},{"resourceId":"sid-17BD85AE-DA3C-4BCC-B156-62E3BE7295F7","properties":{"overrideid":"","name":"iPSc Differentiation Completed","documentation":"","requiredenabled":"","requiredrulecondition":"","repetitionenabled":"","repetitionrulecondition":"","repetitioncountervariablename":"","repetition_variableaggregations":"","completionneutralenabled":"","completionneutralrulecondition":"","planitemlifecyclelisteners":"","milestonevariable":""},"stencil":{"id":"Milestone"},"childShapes":[{"resourceId":"sid-F0FB3543-AFDC-48E2-B565-83E6D0FCE383","properties":{"overrideid":"","name":"","documentation":"","ifpartcondition":"","triggermode":""},"stencil":{"id":"EntryCriterion"},"childShapes":[],"outgoing":[{"resourceId":"sid-2DC168D3-5B01-4A38-8696-FAF4DC1E7AD0"}],"bounds":{"lowerRight":{"x":146.39453952916654,"y":19.749997932463884},"upperLeft":{"x":132.39453952916654,"y":-2.2500020675361156}},"dockers":[{"x":139.39453952916654,"y":8.749997932463884}]}],"outgoing":[{"resourceId":"sid-43773907-FA0A-40D5-B85E-ECBFA7A7F2E8"}],"bounds":{"lowerRight":{"x":1316,"y":559.7925808331473},"upperLeft":{"x":1170,"y":505.7925808331473}},"dockers":[]},{"resourceId":"sid-212CC046-9106-4709-B1CF-46E1ECEF3532","properties":{"overrideid":"","name":"","documentation":"","ifpartcondition":"","triggermode":"default"},"stencil":{"id":"EntryCriterion"},"childShapes":[],"outgoing":[],"bounds":{"lowerRight":{"x":222.5156187428119,"y":579.8492467018485},"upperLeft":{"x":208.5156187428119,"y":557.8492467018485}},"dockers":[{"x":32.39454650878906,"y":5.9750277209927845}]},{"resourceId":"sid-43773907-FA0A-40D5-B85E-ECBFA7A7F2E8","properties":{"overrideid":"","name":"","documentation":"","ifpartcondition":"","triggermode":""},"stencil":{"id":"EntryCriterion"},"childShapes":[],"outgoing":[],"bounds":{"lowerRight":{"x":1211.434448556614,"y":516.7141903517792},"upperLeft":{"x":1197.434448556614,"y":494.71419035177917}},"dockers":[{"x":37.39453125,"y":2}]},{"resourceId":"sid-15B47BD3-3C2E-4C9B-87C4-D0DAC30757AF","properties":{"overrideid":"","name":"","documentation":"","ifpartcondition":"","triggermode":"default"},"stencil":{"id":"ExitCriterion"},"childShapes":[],"outgoing":[],"bounds":{"lowerRight":{"x":262.2851630929475,"y":470.21504228669824},"upperLeft":{"x":248.2851630929475,"y":448.21504228669824}},"dockers":[{"x":224.39454650878906,"y":382}]},{"resourceId":"sid-50346237-F2C0-4ACA-A302-D12F19A33029","properties":{"overrideid":"","name":"","documentation":"","ifpartcondition":"","triggermode":""},"stencil":{"id":"EntryCriterion"},"childShapes":[],"outgoing":[],"bounds":{"lowerRight":{"x":322.9338978612784,"y":579.7349456573481},"upperLeft":{"x":308.9338978612784,"y":557.7349456573481}},"dockers":[{"x":117.39453125,"y":1.7250277209927845}]},{"resourceId":"sid-0704474A-D8FF-46DA-BBD9-6513BDF48239","properties":{"overrideid":"","name":"","documentation":"","ifpartcondition":"","triggermode":""},"stencil":{"id":"EntryCriterion"},"childShapes":[],"outgoing":[{"resourceId":"sid-502FF5F7-F033-4142-9965-7D36CC4F71A4"}],"bounds":{"lowerRight":{"x":585.7546176801519,"y":543.8064063722231},"upperLeft":{"x":571.7546176801519,"y":521.8064063722231}},"dockers":[{"x":124.0691307323267,"y":4.119529524289533}]},{"resourceId":"sid-5A8A6668-DCDE-46F9-8CBE-A0B3FBA7A826","properties":{"overrideid":"","name":"","documentation":"","ifpartcondition":"","triggermode":"onEvent"},"stencil":{"id":"ExitCriterion"},"childShapes":[],"outgoing":[],"bounds":{"lowerRight":{"x":492.5780986669704,"y":470.8069259976255},"upperLeft":{"x":478.5780986669704,"y":448.8069259976255}},"dockers":[{"x":116.0691307323267,"y":380}]},{"resourceId":"sid-9A91EBB8-6871-47CD-B034-ADB699CEC4E3","properties":{"overrideid":"","name":"Donation, Sampling, Processing and Transport completed","documentation":"","completionneutralenabled":"","completionneutralrulecondition":"","requiredenabled":"","requiredrulecondition":"","repetitionenabled":"","repetitionrulecondition":"","repetitioncountervariablename":"","repetition_variableaggregations":"","planitemlifecyclelisteners":"","availablecondition":""},"stencil":{"id":"UserEventListener"},"childShapes":[],"outgoing":[{"resourceId":"sid-C296045B-1C34-41F4-AFF3-0DD2FFA5C307"},{"resourceId":"sid-087ACE5A-F295-4953-9D83-8E9C21EC89E5"}],"bounds":{"lowerRight":{"x":107.66094290644509,"y":579.2754722790072},"upperLeft":{"x":77.1629429064451,"y":548.7744722790072}},"dockers":[{"x":92.41194290644509,"y":564.0249722790072}]},{"resourceId":"sid-AD8085C3-7055-451B-A9DC-56F1AAAF49DD","properties":{"overrideid":"","name":"iPSc generationcompleted","documentation":"","completionneutralenabled":"","completionneutralrulecondition":"","requiredenabled":"","requiredrulecondition":"","repetitionenabled":"","repetitionrulecondition":"","repetitioncountervariablename":"","repetition_variableaggregations":"","planitemlifecyclelisteners":"","availablecondition":""},"stencil":{"id":"UserEventListener"},"childShapes":[],"outgoing":[{"resourceId":"sid-8555A733-04B2-4787-A684-C6C51CF080A7"},{"resourceId":"sid-28DF8153-F257-433A-BDAD-EB1A14EC4A31"}],"bounds":{"lowerRight":{"x":420.498,"y":499.5728711081068},"upperLeft":{"x":390,"y":469.07187110810685}},"dockers":[{"x":405.249,"y":484.32237110810684}]},{"resourceId":"sid-99A91ADB-74D8-4BEB-ABAD-C68EF1E0F45B","properties":{"overrideid":"","name":"iPSc differentiation completed","documentation":"","completionneutralenabled":"","completionneutralrulecondition":"","requiredenabled":"","requiredrulecondition":"","repetitionenabled":"","repetitionrulecondition":"","repetitioncountervariablename":"","repetition_variableaggregations":"","planitemlifecyclelisteners":"","availablecondition":""},"stencil":{"id":"UserEventListener"},"childShapes":[],"outgoing":[{"resourceId":"sid-18A32041-4038-41E1-86ED-79CFA30BBB33"},{"resourceId":"sid-E58050D5-C00B-40C0-9C5B-7EE6C7EBD3C2"}],"bounds":{"lowerRight":{"x":1245.498,"y":420.501},"upperLeft":{"x":1215,"y":390}},"dockers":[{"x":1230.249,"y":405.2505}]},{"resourceId":"sid-FCE533E8-FC86-4501-9B28-61D14DD94C7E","properties":{"overrideid":"","name":"","documentation":"","ifpartcondition":"","triggermode":""},"stencil":{"id":"ExitCriterion"},"childShapes":[],"outgoing":[],"bounds":{"lowerRight":{"x":874.135148951959,"y":669.2615925345546},"upperLeft":{"x":860.135148951959,"y":647.2615925345546}},"dockers":[{"x":167.5974732936562,"y":634.8340228101065}]},{"resourceId":"sid-F4DA7987-0F01-4E5A-801F-5A77987569B6","properties":{"overrideid":"","name":"Update Required","documentation":"","completionneutralenabled":"","completionneutralrulecondition":"","requiredenabled":"","requiredrulecondition":"","repetitionenabled":"","repetitionrulecondition":"${repetitionCounter<100}","repetitioncountervariablename":"repetitionCounter","repetition_variableaggregations":"","planitemlifecyclelisteners":"","availablecondition":""},"stencil":{"id":"UserEventListener"},"childShapes":[],"outgoing":[{"resourceId":"sid-C13B9113-7B20-4EFD-86FD-1BB5117FA16D"}],"bounds":{"lowerRight":{"x":60.498,"y":765.501},"upperLeft":{"x":30,"y":735}},"dockers":[{"x":45.248999999999995,"y":750.2505}]},{"resourceId":"sid-6849776E-ABB8-46A2-A28C-DE03BFF9F9E4","properties":{"overrideid":"task16","name":"Update Data","documentation":"","isblocking":true,"isblockingexpression":"","usertaskassignment":{"assignment":{"type":"idm","idm":{"type":"initiator"}}},"formkeydefinition":"","formreference":{"id":"9e566016-8981-11ec-ab2f-0242ac1c0003","name":"Form_Update","key":"formupdate_ipsc"},"formfieldvalidation":true,"duedatedefinition":"","prioritydefinition":"","tasklisteners":"","isasync":"","isexclusive":"","requiredenabled":"","requiredrulecondition":"","repetitionenabled":"","repetitionrulecondition":"${repetitionCounter1<100}","repetitioncountervariablename":"repetitionCounter1","repetition_variableaggregations":"","manualactivationenabled":"","manualactivationrulecondition":"","completionneutralenabled":"","completionneutralrulecondition":"","planitemlifecyclelisteners":"","taskidvariablename":""},"stencil":{"id":"HumanTask"},"childShapes":[],"outgoing":[{"resourceId":"sid-759DD499-FAB6-4E35-9F19-32D1B8F37D5E"},{"resourceId":"sid-38559809-61E8-470C-A2BA-1A84D962643A"},{"resourceId":"sid-6B9E2C14-430E-4805-B2A7-44626A29208E"},{"resourceId":"sid-36BA7B22-3858-4F23-B11F-C86B31CBC206"},{"resourceId":"sid-8EB92112-81C6-4B0E-A57F-FC6891D18846"},{"resourceId":"sid-3F8A6D95-669A-4248-AC83-6AA6FF437CC1"},{"resourceId":"sid-A95ECC60-A599-4139-B25E-19AC45A67E89"},{"resourceId":"sid-D326E240-3A62-4A4B-8173-B16F1BCC3C59"},{"resourceId":"sid-1F2EB2D8-1D14-4F03-B49F-9A444A568FFF"},{"resourceId":"sid-88324C4E-2655-48F6-AC49-63C08B0C24A3"},{"resourceId":"sid-FD73C7D2-2527-4B9D-B621-35776D196733"},{"resourceId":"sid-3D0F60AB-3F07-4F32-9722-04B1F16A4F54"},{"resourceId":"sid-02846E40-9D78-4171-97F7-380FCC938018"},{"resourceId":"sid-5D6FC725-81D9-467A-A908-092842861F82"},{"resourceId":"sid-04C9A6D2-30D2-427F-80FA-919183A2DA97"},{"resourceId":"sid-588C7503-19C8-4476-97E1-305168DEB9C9"}],"bounds":{"lowerRight":{"x":265,"y":785},"upperLeft":{"x":165,"y":705}},"dockers":[]},{"resourceId":"sid-759DD499-FAB6-4E35-9F19-32D1B8F37D5E","properties":{"overrideid":"","name":"","documentation":"","ifpartcondition":"","triggermode":""},"stencil":{"id":"EntryCriterion"},"childShapes":[],"outgoing":[],"bounds":{"lowerRight":{"x":171.75995650338353,"y":763.1407177493834},"upperLeft":{"x":157.75995650338353,"y":741.1407177493834}},"dockers":[{"x":0.7500062571880903,"y":47}]},{"resourceId":"sid-9F39857E-B572-40B1-8DAA-20D76CBFC9FC","properties":{"overrideid":"task1r","name":"Record donation sampling information","documentation":"","isblocking":true,"isblockingexpression":"","usertaskassignment":{"assignment":{"type":"idm","idm":{"type":"initiator"},"initiatorCanCompleteTask":true}},"formkeydefinition":"","formreference":{"id":"9a99cfdb-6a1d-11ec-8d59-0242ac1b0003","name":"Form_DonationSampling","key":"Form_DonationSampling"},"formfieldvalidation":true,"duedatedefinition":"","prioritydefinition":"","tasklisteners":"","isasync":"","isexclusive":"","requiredenabled":"","requiredrulecondition":"","repetitionenabled":"","repetitionrulecondition":"${repetitionCounter2<100}","repetitioncountervariablename":"repetitionCounter2","repetition_variableaggregations":"","manualactivationenabled":"","manualactivationrulecondition":"","completionneutralenabled":"","completionneutralrulecondition":"","planitemlifecyclelisteners":"","taskidvariablename":""},"stencil":{"id":"HumanTask"},"childShapes":[],"outgoing":[{"resourceId":"sid-160010DC-AE8C-4320-AE21-183085A5C0C4"}],"bounds":{"lowerRight":{"x":110.249,"y":920},"upperLeft":{"x":10.248999999999995,"y":840}},"dockers":[]},{"resourceId":"sid-160010DC-AE8C-4320-AE21-183085A5C0C4","properties":{"overrideid":"","name":"","documentation":"","ifpartcondition":"${vars:equals(update_ipsc, 'Donation&Sampling')}","triggermode":"onEvent"},"stencil":{"id":"EntryCriterion"},"childShapes":[],"outgoing":[],"bounds":{"lowerRight":{"x":16.680227881289802,"y":881.2615804946918},"upperLeft":{"x":2.6802278812898006,"y":859.2615804946918}},"dockers":[{"x":3.265625,"y":31}]},{"resourceId":"sid-65B941BD-F90C-4BFD-B5F6-483DE16D12BB","properties":{"overrideid":"task2r","name":"Perform cell isolation","documentation":"","isblocking":true,"isblockingexpression":"","usertaskassignment":{"assignment":{"type":"idm","initiatorCanCompleteTask":true,"idm":{"type":"initiator"}}},"formkeydefinition":"","formreference":{"id":"695146ac-6a1e-11ec-8d59-0242ac1b0003","name":"Form_CellIsolation","key":"Form_CellIsolation"},"formfieldvalidation":true,"duedatedefinition":"","prioritydefinition":"","tasklisteners":"","isasync":"","isexclusive":"","requiredenabled":"","requiredrulecondition":"","repetitionenabled":"","repetitionrulecondition":"${repetitionCounter3<100}","repetitioncountervariablename":"repetitionCounter","repetition_variableaggregations":"","manualactivationenabled":"","manualactivationrulecondition":"","completionneutralenabled":"","completionneutralrulecondition":"","planitemlifecyclelisteners":"","taskidvariablename":""},"stencil":{"id":"HumanTask"},"childShapes":[],"outgoing":[{"resourceId":"sid-44D537F0-8CA9-4EAD-AC35-F2A1D0434E23"}],"bounds":{"lowerRight":{"x":214.75995650338353,"y":920},"upperLeft":{"x":114.75995650338353,"y":840}},"dockers":[]},{"resourceId":"sid-44D537F0-8CA9-4EAD-AC35-F2A1D0434E23","properties":{"overrideid":"","name":"","documentation":"","ifpartcondition":"${vars:equals(update_ipsc, 'Cell Isolation')}","triggermode":"onEvent"},"stencil":{"id":"EntryCriterion"},"childShapes":[],"outgoing":[],"bounds":{"lowerRight":{"x":162.5189825361981,"y":850.2122176321711},"upperLeft":{"x":148.5189825361981,"y":828.2122176321711}},"dockers":[{"x":42.75000625718809,"y":8}]},{"resourceId":"sid-BCB3869E-218B-439B-BB07-57933BC60F53","properties":{"overrideid":"task3r","name":"(o) Perform cell expansion","documentation":"","isblocking":true,"isblockingexpression":"","usertaskassignment":{"assignment":{"type":"idm","initiatorCanCompleteTask":true,"idm":{"type":"initiator"}}},"formkeydefinition":"","formreference":{"id":"306182fe-6a1f-11ec-8d59-0242ac1b0003","name":"Form_CellExpansion","key":"Form_Cellexpansion"},"formfieldvalidation":true,"duedatedefinition":"","prioritydefinition":"","tasklisteners":"","isasync":"","isexclusive":"","requiredenabled":"","requiredrulecondition":"","repetitionenabled":"","repetitionrulecondition":"${repetitionCounter4<100}","repetitioncountervariablename":"repetitionCounter4","repetition_variableaggregations":"","manualactivationenabled":"","manualactivationrulecondition":"","completionneutralenabled":"","completionneutralrulecondition":"","planitemlifecyclelisteners":"","taskidvariablename":""},"stencil":{"id":"HumanTask"},"childShapes":[],"outgoing":[{"resourceId":"sid-32F1051C-0995-4C4B-A90E-7B19ED6795D5"}],"bounds":{"lowerRight":{"x":332.2266514477416,"y":920},"upperLeft":{"x":232.22665144774157,"y":840}},"dockers":[]},{"resourceId":"sid-32F1051C-0995-4C4B-A90E-7B19ED6795D5","properties":{"overrideid":"","name":"","documentation":"","ifpartcondition":"${vars:equals(update_ipsc, 'Cell Expansion')}","triggermode":"onEvent"},"stencil":{"id":"EntryCriterion"},"childShapes":[],"outgoing":[],"bounds":{"lowerRight":{"x":285.33997717161236,"y":850.4094602794207},"upperLeft":{"x":271.33997717161236,"y":828.4094602794207}},"dockers":[{"x":46.265625,"y":1}]},{"resourceId":"sid-9002BB4B-7A43-4205-8D58-0183FF25548B","properties":{"overrideid":"task4r","name":"Perform cell transportation","documentation":"","isblocking":true,"isblockingexpression":"","usertaskassignment":{"assignment":{"type":"idm","initiatorCanCompleteTask":true,"idm":{"type":"initiator"}}},"formkeydefinition":"","formreference":{"id":"ea98faad-6a1e-11ec-8d59-0242ac1b0003","name":"Form_Celltransportation","key":"Form_Celltransportation"},"formfieldvalidation":true,"duedatedefinition":"","prioritydefinition":"","tasklisteners":"","isasync":"","isexclusive":"","requiredenabled":"","requiredrulecondition":"","repetitionenabled":"","repetitionrulecondition":"${repetitionCounter5<100}","repetitioncountervariablename":"repetitionCounter5","repetition_variableaggregations":"","manualactivationenabled":"","manualactivationrulecondition":"","completionneutralenabled":"","completionneutralrulecondition":"","planitemlifecyclelisteners":"","taskidvariablename":""},"stencil":{"id":"HumanTask"},"childShapes":[],"outgoing":[{"resourceId":"sid-667E5D1E-D48D-45EF-B1E8-EDCE03304F8F"}],"bounds":{"lowerRight":{"x":455.249,"y":920},"upperLeft":{"x":355.249,"y":840}},"dockers":[]},{"resourceId":"sid-667E5D1E-D48D-45EF-B1E8-EDCE03304F8F","properties":{"overrideid":"","name":"","documentation":"","ifpartcondition":"${vars:equals(update_ipsc, 'Cell Transportation')}","triggermode":"onEvent"},"stencil":{"id":"EntryCriterion"},"childShapes":[],"outgoing":[],"bounds":{"lowerRight":{"x":388.0466993872256,"y":850.9846661647634},"upperLeft":{"x":374.0466993872256,"y":828.9846661647634}},"dockers":[{"x":27.016624999999976,"y":2}]},{"resourceId":"sid-E58E523A-492D-4DCC-B378-FD88922D627D","properties":{"overrideid":"task5r","name":"Reprogram cells","documentation":"","isblocking":true,"isblockingexpression":"","usertaskassignment":{"assignment":{"type":"idm","initiatorCanCompleteTask":true,"idm":{"type":"initiator"}}},"formkeydefinition":"","formreference":{"id":"6a59997f-6a1f-11ec-8d59-0242ac1b0003","name":"Form_CellReprogramming","key":"Form_CellReprogramming"},"formfieldvalidation":true,"duedatedefinition":"","prioritydefinition":"","tasklisteners":"","isasync":"","isexclusive":"","requiredenabled":"","requiredrulecondition":"","repetitionenabled":"","repetitionrulecondition":"${repetitionCounter6<100}","repetitioncountervariablename":"repetitionCounter6","repetition_variableaggregations":"","manualactivationenabled":"","manualactivationrulecondition":"","completionneutralenabled":"","completionneutralrulecondition":"","planitemlifecyclelisteners":"","taskidvariablename":""},"stencil":{"id":"HumanTask"},"childShapes":[],"outgoing":[{"resourceId":"sid-3FC2EB3B-EAE6-47E8-914B-87E93F476DD3"}],"bounds":{"lowerRight":{"x":568.3254005176733,"y":910.2615804946918},"upperLeft":{"x":468.3254005176733,"y":830.2615804946918}},"dockers":[]},{"resourceId":"sid-3FC2EB3B-EAE6-47E8-914B-87E93F476DD3","properties":{"overrideid":"","name":"","documentation":"","ifpartcondition":"${vars:equals(update_ipsc, 'Cell reprogramming')}","triggermode":"onEvent"},"stencil":{"id":"EntryCriterion"},"childShapes":[],"outgoing":[],"bounds":{"lowerRight":{"x":521.0290749520791,"y":840.9947634782443},"upperLeft":{"x":507.0290749520791,"y":818.9947634782443}},"dockers":[{"x":46.265625,"y":5}]},{"resourceId":"sid-79EFAA09-BF22-4FA8-8400-61BA5DC4E27E","properties":{"overrideid":"task6r","name":"Test differentiation potency","documentation":"","isblocking":true,"isblockingexpression":"","usertaskassignment":{"assignment":{"type":"idm","initiatorCanCompleteTask":true,"idm":{"type":"initiator"}}},"formkeydefinition":"","formreference":{"id":"a68b2fd2-6a20-11ec-8d59-0242ac1b0003","name":"Form_DifferentiationPotency","key":"Form_DifferentiationPotency"},"formfieldvalidation":true,"duedatedefinition":"","prioritydefinition":"","tasklisteners":"","isasync":"","isexclusive":"","requiredenabled":"","requiredrulecondition":"","repetitionenabled":"","repetitionrulecondition":"${repetitionCounter7<100}","repetitioncountervariablename":"repetitionCounter7","repetition_variableaggregations":"","manualactivationenabled":"","manualactivationrulecondition":"","completionneutralenabled":"","completionneutralrulecondition":"","planitemlifecyclelisteners":"","taskidvariablename":""},"stencil":{"id":"HumanTask"},"childShapes":[],"outgoing":[{"resourceId":"sid-F55B12ED-98C3-437D-8642-07B6A6144C84"}],"bounds":{"lowerRight":{"x":685,"y":920},"upperLeft":{"x":585,"y":840}},"dockers":[]},{"resourceId":"sid-F55B12ED-98C3-437D-8642-07B6A6144C84","properties":{"overrideid":"","name":"","documentation":"","ifpartcondition":"${vars:equals(update_ipsc, 'Differentiation Potency')}","triggermode":"onEvent"},"stencil":{"id":"EntryCriterion"},"childShapes":[],"outgoing":[],"bounds":{"lowerRight":{"x":609.2298590840992,"y":850.4829777796285},"upperLeft":{"x":595.2298590840992,"y":828.4829777796285}},"dockers":[{"x":19.265625,"y":2}]},{"resourceId":"sid-4693FBF1-A086-47E9-AEEA-CD01DF4CB3F5","properties":{"overrideid":"task7r","name":"Test genetic stability","documentation":"","isblocking":true,"isblockingexpression":"","usertaskassignment":{"assignment":{"type":"idm","initiatorCanCompleteTask":true,"idm":{"type":"initiator"}}},"formkeydefinition":"","formreference":{"id":"a457a370-6a1f-11ec-8d59-0242ac1b0003","name":"Form_GeneticStability","key":"Form_GeneticStability"},"formfieldvalidation":true,"duedatedefinition":"","prioritydefinition":"","tasklisteners":"","isasync":"","isexclusive":"","requiredenabled":"","requiredrulecondition":"","repetitionenabled":"","repetitionrulecondition":"${repetitionCounter8<100}","repetitioncountervariablename":"repetitionCounter8","repetition_variableaggregations":"","manualactivationenabled":"","manualactivationrulecondition":"","completionneutralenabled":"","completionneutralrulecondition":"","planitemlifecyclelisteners":"","taskidvariablename":""},"stencil":{"id":"HumanTask"},"childShapes":[],"outgoing":[{"resourceId":"sid-F4617FB7-4F8D-461F-A970-0BD562C3D202"}],"bounds":{"lowerRight":{"x":802.312000803809,"y":910.2615804946918},"upperLeft":{"x":702.312000803809,"y":830.2615804946918}},"dockers":[]},{"resourceId":"sid-F4617FB7-4F8D-461F-A970-0BD562C3D202","properties":{"overrideid":"","name":"","documentation":"","ifpartcondition":"${vars:equals(update_ipsc, 'Genetic Stability')}","triggermode":"onEvent"},"stencil":{"id":"EntryCriterion"},"childShapes":[],"outgoing":[],"bounds":{"lowerRight":{"x":729.5283107577171,"y":840.7161513153806},"upperLeft":{"x":715.5283107577171,"y":818.7161513153806}},"dockers":[{"x":22.086120565003284,"y":2}]},{"resourceId":"sid-F52EDD75-8429-44EB-9B7C-8FF24E5ED6F2","properties":{"overrideid":"task8r","name":"Perform cell storage","documentation":"","isblocking":true,"isblockingexpression":"","usertaskassignment":{"assignment":{"type":"idm","initiatorCanCompleteTask":true,"idm":{"type":"initiator"}}},"formkeydefinition":"","formreference":{"id":"d8ca7511-6a1f-11ec-8d59-0242ac1b0003","name":"Form_CellStorage","key":"Form_CellStorage"},"formfieldvalidation":true,"duedatedefinition":"","prioritydefinition":"","tasklisteners":"","isasync":"","isexclusive":"","requiredenabled":"","requiredrulecondition":"","repetitionenabled":"","repetitionrulecondition":"${repetitionCounter9<100}","repetitioncountervariablename":"repetitionCounter9","repetition_variableaggregations":"","manualactivationenabled":"","manualactivationrulecondition":"","completionneutralenabled":"","completionneutralrulecondition":"","planitemlifecyclelisteners":"","taskidvariablename":""},"stencil":{"id":"HumanTask"},"childShapes":[],"outgoing":[{"resourceId":"sid-40D256BC-EC9C-4943-9381-5C5853275EA3"}],"bounds":{"lowerRight":{"x":917.135148951959,"y":920},"upperLeft":{"x":817.135148951959,"y":840}},"dockers":[]},{"resourceId":"sid-40D256BC-EC9C-4943-9381-5C5853275EA3","properties":{"overrideid":"","name":"","documentation":"","ifpartcondition":"${vars:equals(update_ipsc, 'Cell Storage')}","triggermode":"onEvent"},"stencil":{"id":"EntryCriterion"},"childShapes":[],"outgoing":[],"bounds":{"lowerRight":{"x":834.1143515232205,"y":850.5826285874848},"upperLeft":{"x":820.1143515232205,"y":828.5826285874848}},"dockers":[{"x":16.333606936255023,"y":6}]},{"resourceId":"sid-70173CAD-F96D-4F68-8E71-C31A676A88F6","properties":{"overrideid":"task9r","name":"Characterize mRNA","documentation":"","isblocking":true,"isblockingexpression":"","usertaskassignment":{"assignment":{"type":"idm","initiatorCanCompleteTask":true,"idm":{"type":"initiator"}}},"formkeydefinition":"","formreference":{"id":"2cb80638-6a23-11ec-8d59-0242ac1b0003","name":"Form_mRNACharacterization","key":"Form_mRNACharacterization"},"formfieldvalidation":true,"duedatedefinition":"","prioritydefinition":"","tasklisteners":"","isasync":"","isexclusive":"","requiredenabled":"","requiredrulecondition":"","repetitionenabled":"","repetitionrulecondition":"${repetitionCounter10<100}","repetitioncountervariablename":"repetitionCounter10","repetition_variableaggregations":"","manualactivationenabled":"","manualactivationrulecondition":"","completionneutralenabled":"","completionneutralrulecondition":"","planitemlifecyclelisteners":"","taskidvariablename":""},"stencil":{"id":"HumanTask"},"childShapes":[],"outgoing":[{"resourceId":"sid-46D2C06E-914D-4B7E-9777-C8B93258AD8D"}],"bounds":{"lowerRight":{"x":1030,"y":920},"upperLeft":{"x":930,"y":840}},"dockers":[]},{"resourceId":"sid-46D2C06E-914D-4B7E-9777-C8B93258AD8D","properties":{"overrideid":"","name":"","documentation":"","ifpartcondition":"${vars:equals(update_ipsc, 'mRNA characterization')}","triggermode":"onEvent"},"stencil":{"id":"EntryCriterion"},"childShapes":[],"outgoing":[],"bounds":{"lowerRight":{"x":952.8025139496331,"y":850.9435648906733},"upperLeft":{"x":938.8025139496331,"y":828.9435648906733}},"dockers":[{"x":19.265625,"y":4}]},{"resourceId":"sid-784C2855-52F5-4593-A901-58E080845AD4","properties":{"overrideid":"task10r","name":"Characterize protein\n","documentation":"","isblocking":true,"isblockingexpression":"","usertaskassignment":{"assignment":{"type":"idm","initiatorCanCompleteTask":true,"idm":{"type":"initiator"}}},"formkeydefinition":"","formreference":{"id":"65811299-6a23-11ec-8d59-0242ac1b0003","name":"Form_ProteinCharacterization","key":"Form_ProteinCharacterization"},"formfieldvalidation":true,"duedatedefinition":"","prioritydefinition":"","tasklisteners":"","isasync":"","isexclusive":"","requiredenabled":"","requiredrulecondition":"","repetitionenabled":"","repetitionrulecondition":"${repetitionCounter11<100}","repetitioncountervariablename":"repetitionCounter11","repetition_variableaggregations":"","manualactivationenabled":"","manualactivationrulecondition":"","completionneutralenabled":"","completionneutralrulecondition":"","planitemlifecyclelisteners":"","taskidvariablename":""},"stencil":{"id":"HumanTask"},"childShapes":[],"outgoing":[{"resourceId":"sid-82370A5E-F759-4510-8B41-8DBE74CC5C63"}],"bounds":{"lowerRight":{"x":1140.9807788832802,"y":920},"upperLeft":{"x":1040.9807788832802,"y":840}},"dockers":[]},{"resourceId":"sid-82370A5E-F759-4510-8B41-8DBE74CC5C63","properties":{"overrideid":"","name":"","documentation":"","ifpartcondition":"${vars:equals(update_ipsc, 'Protein characterization')}","triggermode":"onEvent"},"stencil":{"id":"EntryCriterion"},"childShapes":[],"outgoing":[],"bounds":{"lowerRight":{"x":1067.974508774233,"y":850.9413375545239},"upperLeft":{"x":1053.974508774233,"y":828.9413375545239}},"dockers":[{"x":22.28484611671979,"y":3}]},{"resourceId":"sid-F576362C-F6B5-400B-8F4A-104192692396","properties":{"overrideid":"task11r","name":"Perform cell freezing and transport","documentation":"","isblocking":true,"isblockingexpression":"","usertaskassignment":{"assignment":{"type":"idm","initiatorCanCompleteTask":true,"idm":{"type":"initiator"}}},"formkeydefinition":"","formreference":{"id":"08b9cf84-6a22-11ec-8d59-0242ac1b0003","name":"Form_CellFreezingTransportation","key":"Form_Cellfreezingtransportation"},"formfieldvalidation":true,"duedatedefinition":"","prioritydefinition":"","tasklisteners":"","isasync":"","isexclusive":"","requiredenabled":"","requiredrulecondition":"","repetitionenabled":"","repetitionrulecondition":"${repetitionCounter12<100}","repetitioncountervariablename":"repetitionCounter12","repetition_variableaggregations":"","manualactivationenabled":"","manualactivationrulecondition":"","completionneutralenabled":"","completionneutralrulecondition":"","planitemlifecyclelisteners":"","taskidvariablename":""},"stencil":{"id":"HumanTask"},"childShapes":[],"outgoing":[{"resourceId":"sid-22CBF695-4DDC-4767-AE5D-46D0DA0AD052"}],"bounds":{"lowerRight":{"x":1280.249,"y":830},"upperLeft":{"x":1180.249,"y":750}},"dockers":[]},{"resourceId":"sid-22CBF695-4DDC-4767-AE5D-46D0DA0AD052","properties":{"overrideid":"","name":"","documentation":"","ifpartcondition":"${vars:equals(update_ipsc, 'Cell freezing and transport (in iPSc differentiation)')}","triggermode":"onEvent"},"stencil":{"id":"EntryCriterion"},"childShapes":[],"outgoing":[],"bounds":{"lowerRight":{"x":1217.5222850178511,"y":760.6119561821891},"upperLeft":{"x":1203.5222850178511,"y":738.6119561821891}},"dockers":[{"x":33.265625,"y":5.738407465445562}]},{"resourceId":"sid-8D35B9E7-FEFD-48DF-8340-ABEFF1BB84D9","properties":{"overrideid":"task12r","name":"Test genomic stability","documentation":"","isblocking":true,"isblockingexpression":"","usertaskassignment":{"assignment":{"type":"idm","initiatorCanCompleteTask":true,"idm":{"type":"initiator"}}},"formkeydefinition":"","formreference":{"id":"bda38d13-6a21-11ec-8d59-0242ac1b0003","name":"Form_GenomicStability","key":"Form_GenomicStability"},"formfieldvalidation":true,"duedatedefinition":"","prioritydefinition":"","tasklisteners":"","isasync":"","isexclusive":"","requiredenabled":"","requiredrulecondition":"","repetitionenabled":"","repetitionrulecondition":"${repetitionCounter13<100}","repetitioncountervariablename":"repetitionCounter13","repetition_variableaggregations":"","manualactivationenabled":"","manualactivationrulecondition":"","completionneutralenabled":"","completionneutralrulecondition":"","planitemlifecyclelisteners":"","taskidvariablename":""},"stencil":{"id":"HumanTask"},"childShapes":[],"outgoing":[{"resourceId":"sid-15634C77-BAB3-45DF-9629-5BF1A3973542"}],"bounds":{"lowerRight":{"x":1435,"y":725},"upperLeft":{"x":1335,"y":645}},"dockers":[]},{"resourceId":"sid-71473DD3-C65D-407A-86F0-A152161077DC","properties":{"overrideid":"task13r","name":"Enrich NLC","documentation":"","isblocking":true,"isblockingexpression":"","usertaskassignment":{"assignment":{"type":"idm","initiatorCanCompleteTask":true,"idm":{"type":"initiator"}}},"formkeydefinition":"","formreference":{"id":"efe112b7-6a22-11ec-8d59-0242ac1b0003","name":"Form_EnrichNLC","key":"Form_EnrichNLC"},"formfieldvalidation":true,"duedatedefinition":"","prioritydefinition":"","tasklisteners":"","isasync":"","isexclusive":"","requiredenabled":"","requiredrulecondition":"","repetitionenabled":"","repetitionrulecondition":"${repetitionCounter14<100}","repetitioncountervariablename":"repetitionCounter14","repetition_variableaggregations":"","manualactivationenabled":"","manualactivationrulecondition":"","completionneutralenabled":"","completionneutralrulecondition":"","planitemlifecyclelisteners":"","taskidvariablename":""},"stencil":{"id":"HumanTask"},"childShapes":[],"outgoing":[{"resourceId":"sid-5C4D1B08-85FF-4677-A304-0D7F2F00148E"}],"bounds":{"lowerRight":{"x":1254.434448556614,"y":920},"upperLeft":{"x":1154.434448556614,"y":840}},"dockers":[]},{"resourceId":"sid-3DA7C3FC-FBCD-4C27-86B4-B947F42691FA","properties":{"overrideid":"task15r","name":"Test microbiological purity","documentation":"","isblocking":true,"isblockingexpression":"","usertaskassignment":{"assignment":{"type":"idm","initiatorCanCompleteTask":true,"idm":{"type":"initiator"}}},"formkeydefinition":"","formreference":{"id":"b0a83a66-6a22-11ec-8d59-0242ac1b0003","name":"Form_MicrobiologicalPurity","key":"Form_MicrobiologicalPurity"},"formfieldvalidation":true,"duedatedefinition":"","prioritydefinition":"","tasklisteners":"","isasync":"","isexclusive":"","requiredenabled":"","requiredrulecondition":"","repetitionenabled":"","repetitionrulecondition":"${repetitionCounter15<100}","repetitioncountervariablename":"repetitionCounter15","repetition_variableaggregations":"","manualactivationenabled":"","manualactivationrulecondition":"","completionneutralenabled":"","completionneutralrulecondition":"","planitemlifecyclelisteners":"","taskidvariablename":""},"stencil":{"id":"HumanTask"},"childShapes":[],"outgoing":[{"resourceId":"sid-A0E47A87-C9A4-4D0C-8CA1-4CBD9C6CCF30"}],"bounds":{"lowerRight":{"x":1359.3945395291667,"y":920},"upperLeft":{"x":1259.3945395291667,"y":840}},"dockers":[]},{"resourceId":"sid-F74EE440-843A-4E45-885C-F9E73773E810","properties":{"overrideid":"task14r","name":"Test in vitro immunogenecity","documentation":"","isblocking":true,"isblockingexpression":"","usertaskassignment":{"assignment":{"type":"idm","initiatorCanCompleteTask":true,"idm":{"type":"initiator"}}},"formkeydefinition":"","formreference":{"id":"61723685-6a22-11ec-8d59-0242ac1b0003","name":"Form_InVitroImmunogenecity","key":"Form_InVitroImmunogenecity"},"formfieldvalidation":true,"duedatedefinition":"","prioritydefinition":"","tasklisteners":"","isasync":"","isexclusive":"","requiredenabled":"","requiredrulecondition":"","repetitionenabled":"","repetitionrulecondition":"${repetitionCounter16<100}","repetitioncountervariablename":"repetitionCounter16<","repetition_variableaggregations":"","manualactivationenabled":"","manualactivationrulecondition":"","completionneutralenabled":"","completionneutralrulecondition":"","planitemlifecyclelisteners":"","taskidvariablename":""},"stencil":{"id":"HumanTask"},"childShapes":[],"outgoing":[{"resourceId":"sid-71DAB38D-4041-4846-89FB-6BA1A929D133"}],"bounds":{"lowerRight":{"x":1450,"y":830},"upperLeft":{"x":1350,"y":750}},"dockers":[]},{"resourceId":"sid-15634C77-BAB3-45DF-9629-5BF1A3973542","properties":{"overrideid":"","name":"","documentation":"","ifpartcondition":"${vars:equals(update_ipsc, 'Genomic Stability')}","triggermode":"onEvent"},"stencil":{"id":"EntryCriterion"},"childShapes":[],"outgoing":[],"bounds":{"lowerRight":{"x":1341.8013147036606,"y":678.3799861482685},"upperLeft":{"x":1327.8013147036606,"y":656.3799861482685}},"dockers":[{"x":7.265625,"y":25}]},{"resourceId":"sid-71DAB38D-4041-4846-89FB-6BA1A929D133","properties":{"overrideid":"","name":"","documentation":"","ifpartcondition":"${vars:equals(update_ipsc, 'in vitro Immunogenecity')}","triggermode":"onEvent"},"stencil":{"id":"EntryCriterion"},"childShapes":[],"outgoing":[],"bounds":{"lowerRight":{"x":1356.5825685239347,"y":791.098302679039},"upperLeft":{"x":1342.5825685239347,"y":769.098302679039}},"dockers":[{"x":9.265625,"y":32}]},{"resourceId":"sid-5C4D1B08-85FF-4677-A304-0D7F2F00148E","properties":{"overrideid":"","name":"","documentation":"","ifpartcondition":"${vars:equals(update_ipsc, 'NLC enrichment')}","triggermode":"onEvent"},"stencil":{"id":"EntryCriterion"},"childShapes":[],"outgoing":[],"bounds":{"lowerRight":{"x":1161.149574289629,"y":880.9806142208768},"upperLeft":{"x":1147.149574289629,"y":858.9806142208768}},"dockers":[{"x":4.831176443386084,"y":31}]},{"resourceId":"sid-A0E47A87-C9A4-4D0C-8CA1-4CBD9C6CCF30","properties":{"overrideid":"","name":"","documentation":"","ifpartcondition":"${vars:equals(update_ipsc, 'Microbiological purity')}","triggermode":"onEvent"},"stencil":{"id":"EntryCriterion"},"childShapes":[],"outgoing":[],"bounds":{"lowerRight":{"x":1346.0305564470302,"y":850.4861037975597},"upperLeft":{"x":1332.0305564470302,"y":828.4861037975597}},"dockers":[{"x":74.87108547083335,"y":6}]},{"resourceId":"sid-83821DA8-0849-41BA-BE5B-23D3F34F2F72","properties":{"overrideid":"","name":"","documentation":"","ifpartcondition":"","triggermode":""},"stencil":{"id":"ExitCriterion"},"childShapes":[],"outgoing":[],"bounds":{"lowerRight":{"x":1472.8551231905737,"y":257.2727348170995},"upperLeft":{"x":1458.8551231905737,"y":235.2727348170995}},"dockers":[{"x":1465.8551231905737,"y":246.2727348170995}]},{"resourceId":"sid-768B1A15-EB7F-4502-9D9F-F3128B2060C8","properties":{"overrideid":"","name":"Development finalized","documentation":"","completionneutralenabled":"","completionneutralrulecondition":"","requiredenabled":"","requiredrulecondition":"","repetitionenabled":"","repetitionrulecondition":"","repetitioncountervariablename":"","repetition_variableaggregations":"","planitemlifecyclelisteners":"","availablecondition":""},"stencil":{"id":"UserEventListener"},"childShapes":[],"outgoing":[{"resourceId":"sid-0987B242-CBFB-40EA-8FBD-C8DBAB23205E"}],"bounds":{"lowerRight":{"x":1352.104121373174,"y":257.523234760746},"upperLeft":{"x":1321.606121373174,"y":227.022234760746}},"dockers":[{"x":1336.855121373174,"y":242.272734760746}]}],"outgoing":[],"bounds":{"lowerRight":{"x":1467.5217134995812,"y":1163.9116584092203},"upperLeft":{"x":0,"y":240}},"dockers":[]},{"resourceId":"sid-AB5F1226-87EF-4472-A028-F991C57B93A6","properties":{"overrideid":"","name":"","documentation":"","transitionevent":"complete"},"stencil":{"id":"Association"},"childShapes":[],"outgoing":[{"resourceId":"sid-F213DEB1-1EAB-43BD-8CFC-287E73F5E09E"}],"bounds":{"lowerRight":{"x":1085.6258722483515,"y":432.43133402329045},"upperLeft":{"x":970.281660646257,"y":400.22464144356417}},"dockers":[{"x":50,"y":40},{"x":8,"y":10.000000000000057}],"target":{"resourceId":"sid-F213DEB1-1EAB-43BD-8CFC-287E73F5E09E"}},{"resourceId":"sid-947ED628-0D83-4450-ABD4-68DA86F575EC","properties":{"overrideid":"","name":"","documentation":"","transitionevent":"occur"},"stencil":{"id":"Association"},"childShapes":[],"outgoing":[{"resourceId":"sid-CBFE8F51-F244-4A4B-8301-6A92DA8EDDF7"}],"bounds":{"lowerRight":{"x":693.672027534469,"y":772.8509475474526},"upperLeft":{"x":565.1693195459868,"y":700.253071736686}},"dockers":[{"x":72,"y":27},{"x":7,"y":11}],"target":{"resourceId":"sid-CBFE8F51-F244-4A4B-8301-6A92DA8EDDF7"}},{"resourceId":"sid-087ACE5A-F295-4953-9D83-8E9C21EC89E5","properties":{"overrideid":"","name":"","documentation":"","transitionevent":"occur"},"stencil":{"id":"Association"},"childShapes":[],"outgoing":[{"resourceId":"sid-212CC046-9106-4709-B1CF-46E1ECEF3532"}],"bounds":{"lowerRight":{"x":208.74273219158067,"y":807.6249633394252},"upperLeft":{"x":108.17474669744928,"y":804.7231165428582}},"dockers":[{"x":15.49799999999999,"y":15.500999999999976},{"x":8,"y":10}],"target":{"resourceId":"sid-212CC046-9106-4709-B1CF-46E1ECEF3532"}},{"resourceId":"sid-21209D72-C7EA-4DDA-BBB9-E433997AF7EF","properties":{"overrideid":"","name":"","documentation":"","transitionevent":"occur"},"stencil":{"id":"Association"},"childShapes":[],"outgoing":[{"resourceId":"sid-243E34F8-51E1-43CC-98FE-F5825712CCFF"}],"bounds":{"lowerRight":{"x":369.5478196771245,"y":826.9319147811422},"upperLeft":{"x":341.08744916551564,"y":588.9513326268574}},"dockers":[{"x":145,"y":27},{"x":8,"y":10}],"target":{"resourceId":"sid-243E34F8-51E1-43CC-98FE-F5825712CCFF"}},{"resourceId":"sid-C296045B-1C34-41F4-AFF3-0DD2FFA5C307","properties":{"overrideid":"","name":"","documentation":"","transitionevent":"occur"},"stencil":{"id":"Association"},"childShapes":[],"outgoing":[{"resourceId":"sid-15B47BD3-3C2E-4C9B-87C4-D0DAC30757AF"}],"bounds":{"lowerRight":{"x":249.69361412666626,"y":795.8598764985546},"upperLeft":{"x":105.64406297376154,"y":702.4876525205761}},"dockers":[{"x":15.497999999999994,"y":15.500999999999987},{"x":8.000000000000028,"y":10}],"target":{"resourceId":"sid-15B47BD3-3C2E-4C9B-87C4-D0DAC30757AF"}},{"resourceId":"sid-E58050D5-C00B-40C0-9C5B-7EE6C7EBD3C2","properties":{"overrideid":"","name":"","documentation":"","transitionevent":"occur"},"stencil":{"id":"Association"},"childShapes":[],"outgoing":[{"resourceId":"sid-43773907-FA0A-40D5-B85E-ECBFA7A7F2E8"}],"bounds":{"lowerRight":{"x":1226.5811057565463,"y":737.700147003549},"upperLeft":{"x":1206.5187493392045,"y":660.5612832948398}},"dockers":[{"x":15.49800000000002,"y":15.500999999999987},{"x":7,"y":11}],"target":{"resourceId":"sid-43773907-FA0A-40D5-B85E-ECBFA7A7F2E8"}},{"resourceId":"sid-502FF5F7-F033-4142-9965-7D36CC4F71A4","properties":{"overrideid":"","name":"","documentation":"","transitionevent":"complete"},"stencil":{"id":"Association"},"childShapes":[],"outgoing":[{"resourceId":"sid-15194246-0489-41DE-86FE-B491C9A431E2"}],"bounds":{"lowerRight":{"x":590.9710927634055,"y":764.5615829923978},"upperLeft":{"x":580.8861020845192,"y":699.9880228322123}},"dockers":[{"x":8,"y":10},{"x":220.79999999999995,"y":384}],"target":{"resourceId":"sid-15194246-0489-41DE-86FE-B491C9A431E2"}},{"resourceId":"sid-8555A733-04B2-4787-A684-C6C51CF080A7","properties":{"overrideid":"","name":"","documentation":"","transitionevent":"occur"},"stencil":{"id":"Association"},"childShapes":[],"outgoing":[{"resourceId":"sid-5A8A6668-DCDE-46F9-8CBE-A0B3FBA7A826"}],"bounds":{"lowerRight":{"x":479.29068065318296,"y":719.8414900731275},"upperLeft":{"x":420.386677263816,"y":701.1227496784971}},"dockers":[{"x":15.497999999999994,"y":15.500999999999987},{"x":8,"y":10}],"target":{"resourceId":"sid-5A8A6668-DCDE-46F9-8CBE-A0B3FBA7A826"}},{"resourceId":"sid-28DF8153-F257-433A-BDAD-EB1A14EC4A31","properties":{"overrideid":"","name":"","documentation":"","transitionevent":"occur"},"stencil":{"id":"Association"},"childShapes":[],"outgoing":[{"resourceId":"sid-02E5033C-C687-41B6-A050-06D01490B50D"}],"bounds":{"lowerRight":{"x":457.09255724748334,"y":767.464272405691},"upperLeft":{"x":417.36095401874087,"y":734.4347392689664}},"dockers":[{"x":15.497999999999994,"y":15.500999999999987},{"x":8,"y":10}],"target":{"resourceId":"sid-02E5033C-C687-41B6-A050-06D01490B50D"}},{"resourceId":"sid-AEDBEBA0-7B81-4272-A0DA-CABCF1435A99","properties":{"overrideid":"","name":"","documentation":"","transitionevent":"complete"},"stencil":{"id":"Association"},"childShapes":[],"outgoing":[{"resourceId":"sid-F213DEB1-1EAB-43BD-8CFC-287E73F5E09E"}],"bounds":{"lowerRight":{"x":1085.275757215067,"y":433.10246586344135},"upperLeft":{"x":849.3683173471926,"y":394.28426952214113}},"dockers":[{"x":50,"y":40},{"x":8,"y":10}],"target":{"resourceId":"sid-F213DEB1-1EAB-43BD-8CFC-287E73F5E09E"}},{"resourceId":"sid-C45BF9BB-2850-4B10-991B-D3A9B9E9496B","properties":{"overrideid":"","name":"","documentation":"","transitionevent":"occur"},"stencil":{"id":"Association"},"childShapes":[],"outgoing":[{"resourceId":"sid-5A1D5A7B-E068-4D4E-B6F9-FCC365F5F787"}],"bounds":{"lowerRight":{"x":937.5789697558889,"y":575.6110350944506},"upperLeft":{"x":786.2779086774342,"y":570.9829468219708}},"dockers":[{"x":72,"y":27},{"x":7,"y":11}],"target":{"resourceId":"sid-5A1D5A7B-E068-4D4E-B6F9-FCC365F5F787"}},{"resourceId":"sid-DFA3862D-DDA0-4650-A344-6F6ACF715446","properties":{"overrideid":"","name":"","documentation":"","transitionevent":"occur"},"stencil":{"id":"Association"},"childShapes":[],"outgoing":[{"resourceId":"sid-8D334C22-10AE-49B4-9A1B-FF37EACFE92B"}],"bounds":{"lowerRight":{"x":948.5519069173157,"y":690.1512500229745},"upperLeft":{"x":758.2545178612382,"y":605.1778361522036}},"dockers":[{"x":72,"y":27},{"x":7,"y":11}],"target":{"resourceId":"sid-8D334C22-10AE-49B4-9A1B-FF37EACFE92B"}},{"resourceId":"sid-B9EBC553-762E-433F-A90D-72A7955DA9E1","properties":{"overrideid":"","name":"","documentation":"","transitionevent":"occur"},"stencil":{"id":"Association"},"childShapes":[],"outgoing":[{"resourceId":"sid-DC5E22C7-B3F0-483D-911C-8365B7DFAE7F"}],"bounds":{"lowerRight":{"x":980.5951713030647,"y":799.8093532921853},"upperLeft":{"x":771.2283526265517,"y":605.0102131749067}},"dockers":[{"x":72,"y":27},{"x":7,"y":11}],"target":{"resourceId":"sid-DC5E22C7-B3F0-483D-911C-8365B7DFAE7F"}},{"resourceId":"sid-6B26301E-8A5E-43E5-91F3-B77E3A0CF745","properties":{"overrideid":"","name":"","documentation":"","transitionevent":"occur"},"stencil":{"id":"Association"},"childShapes":[],"outgoing":[{"resourceId":"sid-E25F0DB4-E056-4337-A721-5A6CA0B10503"}],"bounds":{"lowerRight":{"x":978.6663528962922,"y":678.8962157761465},"upperLeft":{"x":895.4075978085168,"y":605.3415270779216}},"dockers":[{"x":72,"y":27},{"x":8,"y":10}],"target":{"resourceId":"sid-E25F0DB4-E056-4337-A721-5A6CA0B10503"}},{"resourceId":"sid-457A6754-A289-46B7-8177-6110147C3B37","properties":{"overrideid":"","name":"","documentation":"","transitionevent":"occur"},"stencil":{"id":"Association"},"childShapes":[],"outgoing":[{"resourceId":"sid-13ECADAE-CB8D-4F20-9C52-5CF64B2F1577"}],"bounds":{"lowerRight":{"x":996.6571401556073,"y":796.9382299436172},"upperLeft":{"x":904.6084908404342,"y":605.2305055048975}},"dockers":[{"x":72,"y":27},{"x":7,"y":11}],"target":{"resourceId":"sid-13ECADAE-CB8D-4F20-9C52-5CF64B2F1577"}},{"resourceId":"sid-2DC168D3-5B01-4A38-8696-FAF4DC1E7AD0","properties":{"overrideid":"","name":"","documentation":"","transitionevent":"complete"},"stencil":{"id":"Association"},"childShapes":[],"outgoing":[{"resourceId":"sid-47715638-02A4-42D8-8B2D-C9A2169AD57A"}],"bounds":{"lowerRight":{"x":1303.524888509209,"y":848.4824977425858},"upperLeft":{"x":1109.6592121340532,"y":756.7916536529185}},"dockers":[{"x":8,"y":10},{"x":305.1556742494996,"y":636.7985752966194}],"target":{"resourceId":"sid-47715638-02A4-42D8-8B2D-C9A2169AD57A"}},{"resourceId":"sid-7F9A367C-D42D-4923-80D1-EF4B7504D257","properties":{"overrideid":"","name":"","documentation":"","transitionevent":"complete"},"stencil":{"id":"Association"},"childShapes":[],"outgoing":[{"resourceId":"sid-50346237-F2C0-4ACA-A302-D12F19A33029"}],"bounds":{"lowerRight":{"x":322.1671326616097,"y":799.41906251931},"upperLeft":{"x":317.29614797468935,"y":687.5998030519036}},"dockers":[{"x":296,"y":284.61176470588236},{"x":8,"y":10}],"target":{"resourceId":"sid-50346237-F2C0-4ACA-A302-D12F19A33029"}},{"resourceId":"sid-80547376-4227-42A8-87C8-819EF977E70D","properties":{"overrideid":"","name":"","documentation":"","transitionevent":"occur"},"stencil":{"id":"Association"},"childShapes":[],"outgoing":[{"resourceId":"sid-3FCDF144-578C-488C-A05D-EBBF51CBCCB7"}],"bounds":{"lowerRight":{"x":867.2381862800553,"y":521.2996120814677},"upperLeft":{"x":794.3867404582652,"y":501.12542380843774}},"dockers":[{"x":15.497999999999994,"y":15.500999999999987},{"x":8,"y":10}],"target":{"resourceId":"sid-3FCDF144-578C-488C-A05D-EBBF51CBCCB7"}},{"resourceId":"sid-E0D97926-68AD-4C4F-B566-5449B99650EE","properties":{"overrideid":"","name":"","documentation":"","transitionevent":"occur"},"stencil":{"id":"Association"},"childShapes":[],"outgoing":[{"resourceId":"sid-52C6EC35-8FC0-4B5F-84A4-B1AAE567E5B3"}],"bounds":{"lowerRight":{"x":963.3840601634294,"y":548.4610915943512},"upperLeft":{"x":794.3930857367317,"y":527.3932280332666}},"dockers":[{"x":15.498000000000047,"y":15.50099999999997},{"x":8,"y":10}],"target":{"resourceId":"sid-52C6EC35-8FC0-4B5F-84A4-B1AAE567E5B3"}},{"resourceId":"sid-2542DBB3-7449-4338-B32C-9E8A8AB23A24","properties":{"overrideid":"","name":"","documentation":"","transitionevent":"complete"},"stencil":{"id":"Association"},"childShapes":[],"outgoing":[{"resourceId":"sid-29A47064-C76A-4387-A928-0593F80277A7"}],"bounds":{"lowerRight":{"x":1057.3015958458218,"y":545.5339205287821},"upperLeft":{"x":997.0326349832612,"y":500.0956045717599}},"dockers":[{"x":8,"y":10},{"x":276,"y":170}],"target":{"resourceId":"sid-29A47064-C76A-4387-A928-0593F80277A7"}},{"resourceId":"sid-18A32041-4038-41E1-86ED-79CFA30BBB33","properties":{"overrideid":"","name":"","documentation":"","transitionevent":"occur"},"stencil":{"id":"Association"},"childShapes":[],"outgoing":[{"resourceId":"sid-FCE533E8-FC86-4501-9B28-61D14DD94C7E"}],"bounds":{"lowerRight":{"x":1217.6451781388002,"y":894.2324141459527},"upperLeft":{"x":872.4950914917202,"y":654.4308172761306}},"dockers":[{"x":15.498000000000017,"y":15.500999999999987},{"x":8,"y":10}],"target":{"resourceId":"sid-FCE533E8-FC86-4501-9B28-61D14DD94C7E"}},{"resourceId":"sid-C13B9113-7B20-4EFD-86FD-1BB5117FA16D","properties":{"overrideid":"","name":"","documentation":"","transitionevent":"occur"},"stencil":{"id":"Association"},"childShapes":[],"outgoing":[{"resourceId":"sid-759DD499-FAB6-4E35-9F19-32D1B8F37D5E"}],"bounds":{"lowerRight":{"x":158.1831449046489,"y":991.1004138910031},"upperLeft":{"x":60.59118388019605,"y":990.5812862177168}},"dockers":[{"x":15.497999999999998,"y":15.500999999999987},{"x":8,"y":10}],"target":{"resourceId":"sid-759DD499-FAB6-4E35-9F19-32D1B8F37D5E"}},{"resourceId":"sid-38559809-61E8-470C-A2BA-1A84D962643A","properties":{"overrideid":"","name":"","documentation":"","transitionevent":"complete"},"stencil":{"id":"Association"},"childShapes":[],"outgoing":[{"resourceId":"sid-160010DC-AE8C-4320-AE21-183085A5C0C4"}],"bounds":{"lowerRight":{"x":164.4204446168702,"y":1106.8049529428922},"upperLeft":{"x":15.346083113451764,"y":1015.8575982850133}},"dockers":[{"x":50,"y":40},{"x":7.000000000000003,"y":11}],"target":{"resourceId":"sid-160010DC-AE8C-4320-AE21-183085A5C0C4"}},{"resourceId":"sid-6B9E2C14-430E-4805-B2A7-44626A29208E","properties":{"overrideid":"","name":"","documentation":"","transitionevent":"complete"},"stencil":{"id":"Association"},"childShapes":[],"outgoing":[{"resourceId":"sid-44D537F0-8CA9-4EAD-AC35-F2A1D0434E23"}],"bounds":{"lowerRight":{"x":189.3725903040591,"y":1073.2144112269305},"upperLeft":{"x":159.3057061321493,"y":1025.5913550670534}},"dockers":[{"x":50,"y":40},{"x":7,"y":11}],"target":{"resourceId":"sid-44D537F0-8CA9-4EAD-AC35-F2A1D0434E23"}},{"resourceId":"sid-36BA7B22-3858-4F23-B11F-C86B31CBC206","properties":{"overrideid":"","name":"","documentation":"","transitionevent":"complete"},"stencil":{"id":"Association"},"childShapes":[],"outgoing":[{"resourceId":"sid-32F1051C-0995-4C4B-A90E-7B19ED6795D5"}],"bounds":{"lowerRight":{"x":274.3189364993855,"y":1073.4160214343453},"upperLeft":{"x":242.27868853992823,"y":1025.6594125414251}},"dockers":[{"x":50,"y":40},{"x":7,"y":11}],"target":{"resourceId":"sid-32F1051C-0995-4C4B-A90E-7B19ED6795D5"}},{"resourceId":"sid-8EB92112-81C6-4B0E-A57F-FC6891D18846","properties":{"overrideid":"","name":"","documentation":"","transitionevent":"complete"},"stencil":{"id":"Association"},"childShapes":[],"outgoing":[{"resourceId":"sid-667E5D1E-D48D-45EF-B1E8-EDCE03304F8F"}],"bounds":{"lowerRight":{"x":375.6383439729968,"y":1076.8908929346019},"upperLeft":{"x":265.16312985844183,"y":1013.6951090323831}},"dockers":[{"x":50,"y":40},{"x":7,"y":11}],"target":{"resourceId":"sid-667E5D1E-D48D-45EF-B1E8-EDCE03304F8F"}},{"resourceId":"sid-3F8A6D95-669A-4248-AC83-6AA6FF437CC1","properties":{"overrideid":"","name":"","documentation":"","transitionevent":"complete"},"stencil":{"id":"Association"},"childShapes":[],"outgoing":[{"resourceId":"sid-3FC2EB3B-EAE6-47E8-914B-87E93F476DD3"}],"bounds":{"lowerRight":{"x":507.2267646159424,"y":1068.0613034686507},"upperLeft":{"x":265.02135632530445,"y":999.2178594185583}},"dockers":[{"x":50,"y":40},{"x":7,"y":11}],"target":{"resourceId":"sid-3FC2EB3B-EAE6-47E8-914B-87E93F476DD3"}},{"resourceId":"sid-A95ECC60-A599-4139-B25E-19AC45A67E89","properties":{"overrideid":"","name":"","documentation":"","transitionevent":"complete"},"stencil":{"id":"Association"},"childShapes":[],"outgoing":[{"resourceId":"sid-F55B12ED-98C3-437D-8642-07B6A6144C84"}],"bounds":{"lowerRight":{"x":595.2078933803546,"y":1077.7696382372558},"upperLeft":{"x":265.88784817811535,"y":997.4164893689713}},"dockers":[{"x":50,"y":40},{"x":7,"y":11}],"target":{"resourceId":"sid-F55B12ED-98C3-437D-8642-07B6A6144C84"}},{"resourceId":"sid-D326E240-3A62-4A4B-8173-B16F1BCC3C59","properties":{"overrideid":"","name":"","documentation":"","transitionevent":"complete"},"stencil":{"id":"Association"},"childShapes":[],"outgoing":[{"resourceId":"sid-F4617FB7-4F8D-461F-A970-0BD562C3D202"}],"bounds":{"lowerRight":{"x":715.594359842921,"y":1068.5587427088847},"upperLeft":{"x":265.5496651205374,"y":993.4377028601614}},"dockers":[{"x":50,"y":40},{"x":7,"y":11}],"target":{"resourceId":"sid-F4617FB7-4F8D-461F-A970-0BD562C3D202"}},{"resourceId":"sid-1F2EB2D8-1D14-4F03-B49F-9A444A568FFF","properties":{"overrideid":"","name":"","documentation":"","transitionevent":"complete"},"stencil":{"id":"Association"},"childShapes":[],"outgoing":[{"resourceId":"sid-40D256BC-EC9C-4943-9381-5C5853275EA3"}],"bounds":{"lowerRight":{"x":820.1484005973451,"y":1078.5062644284988},"upperLeft":{"x":265.005241267352,"y":992.7267052315439}},"dockers":[{"x":50,"y":40},{"x":7,"y":11}],"target":{"resourceId":"sid-40D256BC-EC9C-4943-9381-5C5853275EA3"}},{"resourceId":"sid-88324C4E-2655-48F6-AC49-63C08B0C24A3","properties":{"overrideid":"","name":"","documentation":"","transitionevent":"complete"},"stencil":{"id":"Association"},"childShapes":[],"outgoing":[{"resourceId":"sid-46D2C06E-914D-4B7E-9777-C8B93258AD8D"}],"bounds":{"lowerRight":{"x":939.1014531548522,"y":1079.0729841410707},"upperLeft":{"x":265.94886925657505,"y":991.6191169050925}},"dockers":[{"x":50,"y":40},{"x":7,"y":11}],"target":{"resourceId":"sid-46D2C06E-914D-4B7E-9777-C8B93258AD8D"}},{"resourceId":"sid-FD73C7D2-2527-4B9D-B621-35776D196733","properties":{"overrideid":"","name":"","documentation":"","transitionevent":"complete"},"stencil":{"id":"Association"},"childShapes":[],"outgoing":[{"resourceId":"sid-82370A5E-F759-4510-8B41-8DBE74CC5C63"}],"bounds":{"lowerRight":{"x":1054.1977185065252,"y":1079.180797460621},"upperLeft":{"x":265.5625802726243,"y":990.6744960415491}},"dockers":[{"x":50,"y":40},{"x":7,"y":11}],"target":{"resourceId":"sid-82370A5E-F759-4510-8B41-8DBE74CC5C63"}},{"resourceId":"sid-3D0F60AB-3F07-4F32-9722-04B1F16A4F54","properties":{"overrideid":"","name":"","documentation":"","transitionevent":"complete"},"stencil":{"id":"Association"},"childShapes":[],"outgoing":[{"resourceId":"sid-22CBF695-4DDC-4767-AE5D-46D0DA0AD052"}],"bounds":{"lowerRight":{"x":1202.7169676283943,"y":989.5757964875947},"upperLeft":{"x":265.58166557381765,"y":985.2343296867979}},"dockers":[{"x":50,"y":40},{"x":7,"y":11}],"target":{"resourceId":"sid-22CBF695-4DDC-4767-AE5D-46D0DA0AD052"}},{"resourceId":"sid-02846E40-9D78-4171-97F7-380FCC938018","properties":{"overrideid":"","name":"","documentation":"","transitionevent":"complete"},"stencil":{"id":"Association"},"childShapes":[],"outgoing":[{"resourceId":"sid-15634C77-BAB3-45DF-9629-5BF1A3973542"}],"bounds":{"lowerRight":{"x":1327.1420381727478,"y":981.4750446113417},"upperLeft":{"x":265.2515128187437,"y":906.9874019603977}},"dockers":[{"x":50,"y":40},{"x":8,"y":10}],"target":{"resourceId":"sid-15634C77-BAB3-45DF-9629-5BF1A3973542"}},{"resourceId":"sid-5D6FC725-81D9-467A-A908-092842861F82","properties":{"overrideid":"","name":"","documentation":"","transitionevent":"complete"},"stencil":{"id":"Association"},"childShapes":[],"outgoing":[{"resourceId":"sid-5C4D1B08-85FF-4677-A304-0D7F2F00148E"}],"bounds":{"lowerRight":{"x":1147.731354048054,"y":1108.002349137184},"upperLeft":{"x":265.56961671775923,"y":991.6687815567213}},"dockers":[{"x":50,"y":40},{"x":8,"y":10}],"target":{"resourceId":"sid-5C4D1B08-85FF-4677-A304-0D7F2F00148E"}},{"resourceId":"sid-04C9A6D2-30D2-427F-80FA-919183A2DA97","properties":{"overrideid":"","name":"","documentation":"","transitionevent":"complete"},"stencil":{"id":"Association"},"childShapes":[],"outgoing":[{"resourceId":"sid-A0E47A87-C9A4-4D0C-8CA1-4CBD9C6CCF30"}],"bounds":{"lowerRight":{"x":1332.4420152671476,"y":1077.8555225708105},"upperLeft":{"x":265.43638463831445,"y":989.1910871331014}},"dockers":[{"x":50,"y":40},{"x":8,"y":10}],"target":{"resourceId":"sid-A0E47A87-C9A4-4D0C-8CA1-4CBD9C6CCF30"}},{"resourceId":"sid-588C7503-19C8-4476-97E1-305168DEB9C9","properties":{"overrideid":"","name":"","documentation":"","transitionevent":"complete"},"stencil":{"id":"Association"},"childShapes":[],"outgoing":[{"resourceId":"sid-71DAB38D-4041-4846-89FB-6BA1A929D133"}],"bounds":{"lowerRight":{"x":1342.9292149215923,"y":1018.8684943191049},"upperLeft":{"x":265.90308033323436,"y":986.5284741846242}},"dockers":[{"x":50,"y":40},{"x":8,"y":10.000000000000114}],"target":{"resourceId":"sid-71DAB38D-4041-4846-89FB-6BA1A929D133"}},{"resourceId":"sid-0987B242-CBFB-40EA-8FBD-C8DBAB23205E","properties":{"overrideid":"","name":"","documentation":"","transitionevent":"occur"},"stencil":{"id":"Association"},"childShapes":[],"outgoing":[{"resourceId":"sid-83821DA8-0849-41BA-BE5B-23D3F34F2F72"}],"bounds":{"lowerRight":{"x":1458.8203437593165,"y":486.06786723935943},"upperLeft":{"x":1352.1858384180186,"y":482.96244609200807}},"dockers":[{"x":15.498000000000022,"y":15.501000000000001},{"x":7,"y":11}],"target":{"resourceId":"sid-83821DA8-0849-41BA-BE5B-23D3F34F2F72"}}],"stencil":{"id":"CMMNDiagram"},"stencilset":{"namespace":"http://b3mn.org/stencilset/cmmn1.1#","url":"../editor/stencilsets/cmmn1.1/cmmn1.1.json"}}}