{"id":"851a634e-e616-11eb-8d59-0242ac1b0003","name":"Form_Biodegradation","key":"Form_Biodegradation","description":"","editorJson":{"name":"Form_Biodegradation","key":"Form_Biodegradation","version":0,"fields":[{"fieldType":"FormField","id":"target","name":"Target","type":"headline-with-line","value":null,"required":false,"readOnly":false,"overrideId":false,"placeholder":null,"layout":null},{"fieldType":"FormField","id":"biodegradationtarget","name":"Biodegradation Target","type":"multi-line-text","value":null,"required":false,"readOnly":false,"overrideId":false,"placeholder":null,"layout":null},{"fieldType":"FormField","id":"method","name":"Method","type":"headline-with-line","value":null,"required":false,"readOnly":false,"overrideId":false,"placeholder":null,"layout":null},{"fieldType":"FormField","id":"biodegradationmethod","name":"Biodegradation Method","type":"multi-line-text","value":null,"required":false,"readOnly":false,"overrideId":false,"placeholder":null,"layout":null},{"fieldType":"FormField","id":"results","name":"Results","type":"headline-with-line","value":null,"required":false,"readOnly":false,"overrideId":false,"placeholder":null,"layout":null},{"fieldType":"FormField","id":"biodegradationresultsummary","name":"Biodegradation Result Summary","type":"multi-line-text","value":null,"required":false,"readOnly":false,"overrideId":false,"placeholder":null,"layout":null},{"fieldType":"FormField","id":"biodegradationconclusion","name":"Biodegradation Conclusion","type":"multi-line-text","value":null,"required":false,"readOnly":false,"overrideId":false,"placeholder":null,"layout":null},{"fieldType":"FormField","id":"biodegradationresultdocuments","name":"Biodegradation Result Documents","type":"upload","value":null,"required":false,"readOnly":false,"overrideId":false,"placeholder":null,"params":{"multiple":true},"layout":null},{"fieldType":"FormField","id":"omics","name":"OMICS","type":"headline-with-line","value":null,"required":false,"readOnly":false,"overrideId":false,"placeholder":null,"layout":null},{"fieldType":"FormField","id":"biodeg_datainput","name":"Data input","type":"hyperlink","value":null,"required":false,"readOnly":false,"overrideId":true,"placeholder":null,"params":{"hyperlinkUrl":"https://portal.qbic.uni-tuebingen.de/portal/web/ipspine/new-samples#!project/QIPBD"},"layout":null},{"fieldType":"FormField","id":"biodeg_datasets","name":"Datasets","type":"hyperlink","value":null,"required":false,"readOnly":false,"overrideId":true,"placeholder":null,"params":{"hyperlinkUrl":"https://portal.qbic.uni-tuebingen.de/portal/web/ipspine/browser#!project//IPSPINE_BIOMATERIAL_DEVELOPMENT/QIPBD"},"layout":null},{"fieldType":"FormField","id":"regulatory","name":"Regulatory","type":"headline-with-line","value":null,"required":false,"readOnly":false,"overrideId":false,"placeholder":null,"layout":null},{"fieldType":"FormField","id":"listofregulatorydocuments","name":"List of Regulatory Documents","type":"hyperlink","value":null,"required":false,"readOnly":false,"overrideId":false,"placeholder":null,"params":{"hyperlinkUrl":"https://solisservices.sharepoint.com/:w:/r/sites/10687/Shared%20Documents/1.%20Work%20Packages%20-%20documents/WP4%20-%20Advanced%20in%20vitro%20and%20ex%20vivo%20models%20for%20development/Task%204.10/BiomaterialRegulatoryTable.docx?d=w1b79d4d8d1344e9e9160089fb9662029&csf=1&web=1&e=Kw4ZCY"},"layout":null},{"fieldType":"FormField","id":"pleaselistdowntherelevantregulatorydocuments_biodegradation","name":"Please list down the relevant regulatory documents","type":"multi-line-text","value":null,"required":false,"readOnly":false,"overrideId":true,"placeholder":null,"layout":null},{"fieldType":"FormField","id":"additionalinformation","name":"Additional Information","type":"headline-with-line","value":null,"required":false,"readOnly":false,"overrideId":false,"placeholder":null,"layout":null},{"fieldType":"FormField","id":"documents_biodegradation","name":"Documents","type":"upload","value":null,"required":false,"readOnly":false,"overrideId":true,"placeholder":null,"params":{"multiple":true},"layout":null},{"fieldType":"FormField","id":"notes_biodegradation","name":"Notes","type":"multi-line-text","value":null,"required":false,"readOnly":false,"overrideId":true,"placeholder":null,"layout":null},{"fieldType":"FormField","id":"label","name":"Label","type":"horizontal-line","value":null,"required":false,"readOnly":false,"overrideId":false,"placeholder":null,"layout":null}],"outcomes":[]}}