{"id":"9e566016-8981-11ec-ab2f-0242ac1c0003","name":"Form_Update","key":"formupdate_ipsc","description":"","editorJson":{"name":"Form_Update","key":"formupdate_ipsc","version":0,"fields":[{"fieldType":"OptionFormField","id":"update_ipsc","name":"Please select the data to be updated","type":"dropdown","value":"Donation&Sampling","required":false,"readOnly":false,"overrideId":true,"placeholder":null,"layout":null,"optionType":null,"hasEmptyValue":true,"options":[{"id":null,"name":"Donation&Sampling"},{"id":null,"name":"Cell Isolation"},{"id":null,"name":"Cell Expansion"},{"id":null,"name":"Cell Transportation"},{"id":null,"name":"Cell reprogramming"},{"id":null,"name":"Differentiation Potency"},{"id":null,"name":"Cell Storage"},{"id":null,"name":"Genetic Stability"},{"id":null,"name":"mRNA characterization"},{"id":null,"name":"Protein characterization"},{"id":null,"name":"Cell freezing and transport (in iPSc differentiation)"},{"id":null,"name":"Genomic Stability"},{"id":null,"name":"NLC enrichment"},{"id":null,"name":"Microbiological purity"},{"id":null,"name":"in vitro Immunogenecity"}],"optionsExpression":null}],"outcomes":[]}}