{"id":"bf2a15ea-e615-11eb-8d59-0242ac1b0003","name":"Form_RangeofMotion","key":"Form_RangeofMotion","description":"","editorJson":{"name":"Form_RangeofMotion","key":"Form_RangeofMotion","version":0,"fields":[{"fieldType":"FormField","id":"target","name":"Target","type":"headline-with-line","value":null,"required":false,"readOnly":false,"overrideId":false,"placeholder":null,"layout":null},{"fieldType":"FormField","id":"rangeofmotiontarget","name":"Range of Motion Target","type":"multi-line-text","value":null,"required":false,"readOnly":false,"overrideId":false,"placeholder":null,"layout":null},{"fieldType":"FormField","id":"method","name":"Method","type":"headline-with-line","value":null,"required":false,"readOnly":false,"overrideId":false,"placeholder":null,"layout":null},{"fieldType":"FormField","id":"rangeofmotionmethod","name":"Range of Motion Method","type":"multi-line-text","value":null,"required":false,"readOnly":false,"overrideId":false,"placeholder":null,"layout":null},{"fieldType":"FormField","id":"results","name":"Results","type":"headline-with-line","value":null,"required":false,"readOnly":false,"overrideId":false,"placeholder":null,"layout":null},{"fieldType":"FormField","id":"rangeofmotionresultsummary","name":"Range of Motion Result Summary","type":"multi-line-text","value":null,"required":false,"readOnly":false,"overrideId":false,"placeholder":null,"layout":null},{"fieldType":"FormField","id":"rangeofmotionconclusion","name":"Range of Motion Conclusion","type":"multi-line-text","value":null,"required":false,"readOnly":false,"overrideId":false,"placeholder":null,"layout":null},{"fieldType":"FormField","id":"rangeofmotionresultdocuments","name":"Range of Motion Result Documents","type":"upload","value":null,"required":false,"readOnly":false,"overrideId":false,"placeholder":null,"params":{"multiple":true},"layout":null},{"fieldType":"FormField","id":"regulatory","name":"Regulatory","type":"headline-with-line","value":null,"required":false,"readOnly":false,"overrideId":false,"placeholder":null,"layout":null},{"fieldType":"FormField","id":"listofregulatorydocuments","name":"List of Regulatory Documents","type":"hyperlink","value":null,"required":false,"readOnly":false,"overrideId":false,"placeholder":null,"params":{"hyperlinkUrl":"https://solisservices.sharepoint.com/:w:/r/sites/10687/Shared%20Documents/1.%20Work%20Packages%20-%20documents/WP4%20-%20Advanced%20in%20vitro%20and%20ex%20vivo%20models%20for%20development/Task%204.10/BiomaterialRegulatoryTable.docx?d=w1b79d4d8d1344e9e9160089fb9662029&csf=1&web=1&e=Kw4ZCY"},"layout":null},{"fieldType":"FormField","id":"pleaselistdowntherelevantregulatorydocuments_rangeofmotion","name":"Please list down the relevant regulatory documents","type":"multi-line-text","value":null,"required":false,"readOnly":false,"overrideId":true,"placeholder":null,"layout":null},{"fieldType":"FormField","id":"additionalinformation","name":"Additional Information","type":"headline-with-line","value":null,"required":false,"readOnly":false,"overrideId":false,"placeholder":null,"layout":null},{"fieldType":"FormField","id":"documents_rangeofmotion","name":"Documents","type":"upload","value":null,"required":false,"readOnly":false,"overrideId":true,"placeholder":null,"params":{"multiple":true},"layout":null},{"fieldType":"FormField","id":"notes_rangeofmotion","name":"Notes","type":"multi-line-text","value":null,"required":false,"readOnly":false,"overrideId":true,"placeholder":null,"layout":null},{"fieldType":"FormField","id":"label","name":"Label","type":"horizontal-line","value":null,"required":false,"readOnly":false,"overrideId":false,"placeholder":null,"layout":null}],"outcomes":[]}}