{"id":"b0a83a66-6a22-11ec-8d59-0242ac1b0003","name":"Form_MicrobiologicalPurity","key":"Form_MicrobiologicalPurity","description":"","editorJson":{"name":"Form_MicrobiologicalPurity","key":"Form_MicrobiologicalPurity","version":0,"fields":[{"fieldType":"FormField","id":"target","name":"Target","type":"headline-with-line","value":null,"required":false,"readOnly":false,"overrideId":false,"placeholder":null,"layout":null},{"fieldType":"FormField","id":"microbiologicalpuritytarget","name":"Microbiological Purity Target","type":"multi-line-text","value":null,"required":false,"readOnly":false,"overrideId":false,"placeholder":null,"layout":null},{"fieldType":"FormField","id":"method","name":"Method","type":"headline-with-line","value":null,"required":false,"readOnly":false,"overrideId":false,"placeholder":null,"layout":null},{"fieldType":"FormField","id":"microbiologicalpuritytestmethod","name":"Microbiological Purity Test Method","type":"multi-line-text","value":null,"required":false,"readOnly":false,"overrideId":false,"placeholder":null,"layout":null},{"fieldType":"FormField","id":"results","name":"Results","type":"headline-with-line","value":null,"required":false,"readOnly":false,"overrideId":false,"placeholder":null,"layout":null},{"fieldType":"FormField","id":"microbiologicalpuritytestresultsummary","name":"Microbiological Purity Test Result Summary","type":"multi-line-text","value":null,"required":false,"readOnly":false,"overrideId":false,"placeholder":null,"layout":null},{"fieldType":"FormField","id":"microbiologicalpuritytestconclusion","name":"Microbiological Purity Test Conclusion","type":"multi-line-text","value":null,"required":false,"readOnly":false,"overrideId":false,"placeholder":null,"layout":null},{"fieldType":"FormField","id":"microbiologicalpuritytestresultdocuments","name":"Microbiological Purity Test Result Documents","type":"upload","value":null,"required":false,"readOnly":false,"overrideId":false,"placeholder":null,"params":{"multiple":true},"layout":null},{"fieldType":"FormField","id":"omics","name":"OMICS","type":"headline-with-line","value":null,"required":false,"readOnly":false,"overrideId":false,"placeholder":null,"layout":null},{"fieldType":"FormField","id":"micropur_datainput","name":"Data input","type":"hyperlink","value":null,"required":false,"readOnly":false,"overrideId":true,"placeholder":null,"params":{"hyperlinkUrl":"https://portal.qbic.uni-tuebingen.de/portal/web/ipspine/new-samples#!project/QIPMP"},"layout":null},{"fieldType":"FormField","id":"micropur_datasets","name":"Datasets","type":"hyperlink","value":null,"required":false,"readOnly":false,"overrideId":true,"placeholder":null,"params":{"hyperlinkUrl":"https://portal.qbic.uni-tuebingen.de/portal/web/ipspine/browser#!project//IPSPINE_IPSCP_DEVELOPMENT/QIPMP"},"layout":null},{"fieldType":"FormField","id":"regulatory","name":"Regulatory","type":"headline-with-line","value":null,"required":false,"readOnly":false,"overrideId":false,"placeholder":null,"layout":null},{"fieldType":"FormField","id":"listofregulatorydocuments","name":"List of Regulatory Documents","type":"hyperlink","value":null,"required":false,"readOnly":false,"overrideId":false,"placeholder":null,"params":{"hyperlinkUrl":"https://solisservices.sharepoint.com/:w:/r/sites/10687/Shared%20Documents/1.%20Work%20Packages%20-%20documents/WP4%20-%20Advanced%20in%20vitro%20and%20ex%20vivo%20models%20for%20development/Task%204.10/BiomaterialRegulatoryTable.docx?d=w1b79d4d8d1344e9e9160089fb9662029&csf=1&web=1&e=Kw4ZCY"},"layout":null},{"fieldType":"FormField","id":"pleaselistdowntherelevantregulatorydocuments_microbiologicalpurity","name":"Please list down the relevant regulatory documents","type":"multi-line-text","value":null,"required":false,"readOnly":false,"overrideId":true,"placeholder":null,"layout":null},{"fieldType":"FormField","id":"additionalinformation","name":"Additional Information","type":"headline-with-line","value":null,"required":false,"readOnly":false,"overrideId":false,"placeholder":null,"layout":null},{"fieldType":"FormField","id":"documents_microbiologicalpurity","name":"Documents","type":"upload","value":null,"required":false,"readOnly":false,"overrideId":true,"placeholder":null,"params":{"multiple":true},"layout":null},{"fieldType":"FormField","id":"notes_microbiologicalpurity","name":"Notes","type":"multi-line-text","value":null,"required":false,"readOnly":false,"overrideId":true,"placeholder":null,"layout":null}],"outcomes":[]}}