{"id":"9a99cfdb-6a1d-11ec-8d59-0242ac1b0003","name":"Form_DonationSampling","key":"Form_DonationSampling","description":"","editorJson":{"name":"Form_DonationSampling","key":"Form_DonationSampling","version":0,"fields":[{"fieldType":"FormField","id":"donationandsamplinginformation","name":"Donation and Sampling Information","type":"headline-with-line","value":null,"required":false,"readOnly":false,"overrideId":false,"placeholder":null,"layout":null},{"fieldType":"FormField","id":"donationsamplingsummary","name":"Donation Sampling Summary","type":"multi-line-text","value":null,"required":false,"readOnly":false,"overrideId":false,"placeholder":null,"layout":null},{"fieldType":"FormField","id":"donationandsamplingdocuments","name":"Donation and Sampling Documents","type":"upload","value":null,"required":false,"readOnly":false,"overrideId":false,"placeholder":null,"params":{"multiple":true},"layout":null},{"fieldType":"FormField","id":"regulatory","name":"Regulatory","type":"headline-with-line","value":null,"required":false,"readOnly":false,"overrideId":false,"placeholder":null,"layout":null},{"fieldType":"FormField","id":"listofregulatorydocuments","name":"List of Regulatory Documents","type":"hyperlink","value":null,"required":false,"readOnly":false,"overrideId":false,"placeholder":null,"params":{"hyperlinkUrl":"https://solisservices.sharepoint.com/:w:/r/sites/10687/Shared%20Documents/1.%20Work%20Packages%20-%20documents/WP4%20-%20Advanced%20in%20vitro%20and%20ex%20vivo%20models%20for%20development/Task%204.10/BiomaterialRegulatoryTable.docx?d=w1b79d4d8d1344e9e9160089fb9662029&csf=1&web=1&e=Kw4ZCY"},"layout":null},{"fieldType":"FormField","id":"pleaselistdowntherelevantregulatorydocuments_swelling","name":"Please list down the relevant regulatory documents","type":"multi-line-text","value":null,"required":false,"readOnly":false,"overrideId":true,"placeholder":null,"layout":null},{"fieldType":"FormField","id":"additionalinformation","name":"Additional Information","type":"headline-with-line","value":null,"required":false,"readOnly":false,"overrideId":false,"placeholder":null,"layout":null},{"fieldType":"FormField","id":"documents_donationsampling","name":"Documents","type":"upload","value":null,"required":false,"readOnly":false,"overrideId":true,"placeholder":null,"params":{"multiple":true},"layout":null},{"fieldType":"FormField","id":"notes_donationsampling","name":"Notes","type":"multi-line-text","value":null,"required":false,"readOnly":false,"overrideId":true,"placeholder":null,"layout":null}],"outcomes":[]}}