{"id":"61723685-6a22-11ec-8d59-0242ac1b0003","name":"Form_InVitroImmunogenecity","key":"Form_InVitroImmunogenecity","description":"","editorJson":{"name":"Form_InVitroImmunogenecity","key":"Form_InVitroImmunogenecity","version":0,"fields":[{"fieldType":"FormField","id":"target","name":"Target","type":"headline-with-line","value":null,"required":false,"readOnly":false,"overrideId":false,"placeholder":null,"layout":null},{"fieldType":"FormField","id":"invitroimmunogenecitytarget","name":"In Vitro Immunogenecity Target","type":"multi-line-text","value":null,"required":false,"readOnly":false,"overrideId":false,"placeholder":null,"layout":null},{"fieldType":"FormField","id":"method","name":"Method","type":"headline-with-line","value":null,"required":false,"readOnly":false,"overrideId":false,"placeholder":null,"layout":null},{"fieldType":"FormField","id":"invitroimmunogenecitytestmethod","name":"In Vitro Immunogenecity Test Method","type":"multi-line-text","value":null,"required":false,"readOnly":false,"overrideId":false,"placeholder":null,"layout":null},{"fieldType":"FormField","id":"results","name":"Results","type":"headline-with-line","value":null,"required":false,"readOnly":false,"overrideId":false,"placeholder":null,"layout":null},{"fieldType":"FormField","id":"invitroimmunogenecitytestresultsummary","name":"In Vitro Immunogenecity Test Result Summary","type":"multi-line-text","value":null,"required":false,"readOnly":false,"overrideId":false,"placeholder":null,"layout":null},{"fieldType":"FormField","id":"invitroimmunogenecitytestconclusion","name":"In Vitro Immunogenecity Test Conclusion","type":"multi-line-text","value":null,"required":false,"readOnly":false,"overrideId":false,"placeholder":null,"layout":null},{"fieldType":"FormField","id":"invitroimmunogenecitytestresultdocuments","name":"In Vitro Immunogenecity Test Result Documents","type":"upload","value":null,"required":false,"readOnly":false,"overrideId":false,"placeholder":null,"params":{"multiple":true},"layout":null},{"fieldType":"FormField","id":"omics","name":"OMICS","type":"headline-with-line","value":null,"required":false,"readOnly":false,"overrideId":false,"placeholder":null,"layout":null},{"fieldType":"FormField","id":"immunogen_datainput","name":"Data input","type":"hyperlink","value":null,"required":false,"readOnly":false,"overrideId":true,"placeholder":null,"params":{"hyperlinkUrl":"https://portal.qbic.uni-tuebingen.de/portal/web/ipspine/new-samples#!project/QIPII"},"layout":null},{"fieldType":"FormField","id":"immunogen_datasets","name":"Datasets","type":"hyperlink","value":null,"required":false,"readOnly":false,"overrideId":true,"placeholder":null,"params":{"hyperlinkUrl":"https://portal.qbic.uni-tuebingen.de/portal/web/ipspine/browser#!project//IPSPINE_IPSCP_DEVELOPMENT/QIPII"},"layout":null},{"fieldType":"FormField","id":"regulatory","name":"Regulatory","type":"headline-with-line","value":null,"required":false,"readOnly":false,"overrideId":false,"placeholder":null,"layout":null},{"fieldType":"FormField","id":"listofregulatorydocuments","name":"List of Regulatory Documents","type":"hyperlink","value":null,"required":false,"readOnly":false,"overrideId":false,"placeholder":null,"params":{"hyperlinkUrl":"https://solisservices.sharepoint.com/:w:/r/sites/10687/Shared%20Documents/1.%20Work%20Packages%20-%20documents/WP4%20-%20Advanced%20in%20vitro%20and%20ex%20vivo%20models%20for%20development/Task%204.10/BiomaterialRegulatoryTable.docx?d=w1b79d4d8d1344e9e9160089fb9662029&csf=1&web=1&e=Kw4ZCY"},"layout":null},{"fieldType":"FormField","id":"pleaselistdowntherelevantregulatorydocuments_invitroimmunogenecity","name":"Please list down the relevant regulatory documents","type":"multi-line-text","value":null,"required":false,"readOnly":false,"overrideId":true,"placeholder":null,"layout":null},{"fieldType":"FormField","id":"additionalinformation","name":"Additional Information","type":"headline-with-line","value":null,"required":false,"readOnly":false,"overrideId":false,"placeholder":null,"layout":null},{"fieldType":"FormField","id":"documents_invitroimmunogenecity","name":"Documents","type":"upload","value":null,"required":false,"readOnly":false,"overrideId":true,"placeholder":null,"params":{"multiple":true},"layout":null},{"fieldType":"FormField","id":"notes_invitroimmunogenecity","name":"Notes","type":"multi-line-text","value":null,"required":false,"readOnly":false,"overrideId":true,"placeholder":null,"layout":null}],"outcomes":[]}}