{"id":"afbb0967-6a49-11ec-8d59-0242ac1b0003","name":"Material Description Biomaterial","key":"StartFormBiomaterial","description":"TEst form","editorJson":{"name":"Material Description Biomaterial","key":"StartFormBiomaterial","version":0,"fields":[{"fieldType":"FormField","id":"materialdescriptionbiomaterial","name":"Material Description","type":"text","value":null,"required":false,"readOnly":false,"overrideId":true,"placeholder":null,"layout":null},{"fieldType":"FormField","id":"materialdescriptiondocumentsbiomaterial","name":"Documents","type":"upload","value":null,"required":false,"readOnly":false,"overrideId":true,"placeholder":null,"params":{"multiple":true},"layout":null}],"outcomes":[]}}