{"id":"f0244d26-cce5-11eb-b1d1-0242ac190003","name":"Material-Cell Description iPSc","key":"StartFormiPSc","description":"TEst form","editorJson":{"name":"Material-Cell Description iPSc","key":"StartFormiPSc","version":0,"fields":[{"fieldType":"FormField","id":"materialdescriptionipsc","name":"Material/Cell Description","type":"text","value":null,"required":false,"readOnly":false,"overrideId":true,"placeholder":null,"layout":null},{"fieldType":"FormField","id":"materialdescriptiondocumentsipcs","name":"Documents","type":"upload","value":null,"required":false,"readOnly":false,"overrideId":true,"placeholder":null,"params":{"multiple":true},"layout":null}],"outcomes":[]}}