{"id":"e9007dfd-9edc-11ec-ab2f-0242ac1c0003","name":"Material Description Combined Development","key":"StartFormCombinedDev","description":"","editorJson":{"name":"Material Description Combined Development","key":"StartFormCombinedDev","version":0,"fields":[{"fieldType":"FormField","id":"materialdescriptioncombineddev_biomaterial","name":"Bio(material) Description","type":"text","value":null,"required":false,"readOnly":false,"overrideId":true,"placeholder":null,"layout":null},{"fieldType":"FormField","id":"materialdescriptioncombineddev_ipsc","name":"iPSc Description","type":"text","value":null,"required":false,"readOnly":false,"overrideId":true,"placeholder":null,"layout":null},{"fieldType":"FormField","id":"materialdescriptiondocumentscombined","name":"Documents","type":"upload","value":null,"required":false,"readOnly":false,"overrideId":true,"placeholder":null,"params":{"multiple":true},"layout":null}],"outcomes":[]}}