{"id":"0d6cb5fa-16e6-11ec-8d59-0242ac1b0003","name":"update","key":"update","description":"","editorJson":{"name":"update","key":"update","version":0,"fields":[{"fieldType":"OptionFormField","id":"update","name":"Please select the data to be updated","type":"dropdown","value":"Viscosity","required":false,"readOnly":false,"overrideId":true,"placeholder":null,"layout":null,"optionType":null,"hasEmptyValue":true,"options":[{"id":null,"name":"Viscosity"},{"id":null,"name":"Porosity"},{"id":null,"name":"Swelling Degree"},{"id":null,"name":"Crystallanity"},{"id":null,"name":"Injectability"},{"id":null,"name":"Rheology"},{"id":null,"name":"Range of Motion"},{"id":null,"name":"Disc Height Restoration"},{"id":null,"name":"Biomaterial Failure"},{"id":null,"name":"Behavior under Dynamic Loading"},{"id":null,"name":"Biodegradation"},{"id":null,"name":"Immunological Compatibility"},{"id":null,"name":"Blood Compatibility"},{"id":null,"name":"Cell Compatibility"},{"id":null,"name":"In Vivo Study Design"},{"id":null,"name":"mRNA characterization"},{"id":null,"name":"Protein characterization"},{"id":null,"name":"Morphology"}],"optionsExpression":null}],"outcomes":[]}}