{"id":"d050464d-e617-11eb-8d59-0242ac1b0003","name":"iPSpine","key":"ipspine","description":"","editorJson":{"cmmnModels":[{"id":"628e1ee9-5079-11ee-95eb-0242ac120003","name":"Biomaterial Development_Actual","version":1,"modelType":5,"description":"","stencilSetId":null,"createdBy":"admin","lastUpdatedBy":"admin","lastUpdated":"2023-09-11T08:12:22.425+00:00"},{"id":"507e3ea4-9edb-11ec-ab2f-0242ac1c0003","name":"Combined Development","version":1,"modelType":5,"description":"","stencilSetId":null,"createdBy":"admin","lastUpdatedBy":"admin","lastUpdated":"2022-03-08T13:03:04.298+00:00"},{"id":"e075c890-6a3c-11ec-8d59-0242ac1b0003","name":"iPSc Development","version":1,"modelType":5,"description":"","stencilSetId":null,"createdBy":"admin","lastUpdatedBy":"admin","lastUpdated":"2022-02-09T09:11:42.335+00:00"},{"id":"9a1dd74f-d8e1-11eb-9159-0242ac1f0003","name":"Biomaterial Development","version":4,"modelType":5,"description":"","stencilSetId":null,"createdBy":"admin","lastUpdatedBy":"admin","lastUpdated":"2022-02-09T09:05:17.020+00:00"}],"theme":"theme-1","icon":"glyphicon-asterisk"}}